Tempo,Rco,Rno2,Rnh3,T,H,Fase
980206,2.781,2.229,1.774,25.32,42.37,Baseline
982237,2.441,2.605,1.739,25.31,42.37,Baseline
984268,2.145,2.276,1.696,25.30,42.35,Baseline
986299,2.838,2.170,1.822,25.30,42.37,Baseline
988330,2.133,2.438,1.850,25.30,42.38,Baseline
990361,2.506,2.384,1.848,25.31,42.35,Baseline
992392,2.194,2.002,1.776,25.31,42.32,Baseline
994423,2.343,2.217,1.673,25.31,42.31,Baseline
996454,2.802,3.204,2.152,25.31,42.29,Baseline
998485,2.229,2.063,1.793,25.32,42.26,Baseline
1000516,2.878,3.338,2.061,25.32,42.27,Baseline
1002547,2.184,2.121,1.788,25.32,42.31,Baseline
1004578,2.506,2.114,1.748,25.32,42.32,Baseline
1006609,2.189,2.271,1.874,25.32,42.31,Baseline
1008640,2.991,3.209,2.184,25.32,42.31,Baseline
1010671,2.107,2.561,1.694,25.31,42.34,Baseline
1012702,2.189,2.335,1.725,25.31,42.36,Baseline
1014733,3.191,3.091,2.020,25.30,42.34,Baseline
1016764,2.222,2.384,1.896,25.29,42.35,Baseline
1018795,2.396,2.289,1.625,25.29,42.38,Baseline
1020826,2.300,1.900,1.500,25.29,42.39,Baseline
1022857,2.656,2.335,1.955,25.30,42.36,Baseline
1024888,2.518,1.972,1.890,25.30,42.37,Baseline
1026919,2.029,2.049,1.532,25.30,42.38,Baseline
1028950,2.294,2.438,1.689,25.30,42.38,Baseline
1030981,2.476,2.300,1.801,25.31,42.37,Baseline
1033012,2.412,2.679,1.816,25.31,42.38,Baseline
1035043,1.948,2.703,1.633,25.31,42.37,Baseline
1037074,2.079,2.583,1.906,25.31,42.38,Baseline
1039105,2.284,2.045,1.818,25.31,42.37,Baseline
1041136,2.343,2.202,1.791,25.31,42.36,Baseline
1043167,2.421,2.726,1.904,25.32,42.32,Baseline
1045198,2.536,2.368,1.832,25.32,42.31,Baseline
1047229,2.022,2.184,1.850,25.32,42.31,Baseline
1049260,2.716,3.107,1.965,25.32,42.28,Baseline
1051291,2.660,2.444,1.824,25.33,42.28,Baseline
1053322,2.011,2.462,1.886,25.32,42.26,Baseline
1055353,1.927,2.121,1.532,25.32,42.23,Baseline
1057384,2.207,1.985,1.734,25.32,42.22,Baseline
1059415,2.340,2.140,1.691,25.33,42.23,Baseline
1061446,2.348,2.133,1.708,25.33,42.23,Baseline
1063477,2.004,1.874,1.569,25.33,42.26,Baseline
1065508,2.189,2.354,1.826,25.33,42.22,Baseline
1067539,2.212,2.637,1.765,25.33,42.29,Baseline
1069570,2.067,2.031,1.595,25.32,42.36,Baseline
1071601,2.133,2.116,1.978,25.31,42.35,Baseline
1073632,2.202,2.430,1.622,25.31,42.37,Baseline
1075663,2.100,2.212,1.890,25.32,42.39,Baseline
1077694,2.258,2.222,1.732,25.32,42.37,Baseline
1079725,2.107,2.421,1.946,25.32,42.37,Baseline
1081756,2.276,2.464,1.627,25.33,42.37,Baseline
1083787,2.491,2.558,1.884,25.33,42.41,Baseline
1085818,2.138,2.384,1.615,25.33,42.52,Baseline
1087849,2.656,3.235,2.009,25.33,42.58,Baseline
1089880,2.077,2.182,1.886,25.33,42.63,Baseline
1091911,1.959,2.119,1.600,25.33,42.58,Baseline
1093942,2.676,3.446,2.116,25.33,42.48,Baseline
1095973,2.240,2.410,1.961,25.33,42.42,Baseline
1098004,2.056,1.993,1.782,25.33,42.41,Baseline
1100035,2.162,2.660,1.870,25.34,42.43,Baseline
1102066,1.832,2.224,1.566,25.33,42.38,Baseline
1104097,2.324,2.119,1.805,25.33,42.32,Baseline
1106128,2.479,2.384,2.011,25.33,42.33,Baseline
1108159,2.162,2.192,1.637,25.33,42.36,Baseline
1110190,2.390,2.294,1.878,25.32,42.42,Baseline
1112221,2.051,1.987,1.801,25.32,42.37,Baseline
1114252,2.182,2.126,1.734,25.32,42.37,Baseline
1116283,2.343,2.310,1.780,25.32,42.38,Baseline
1118314,2.136,2.202,1.834,25.32,42.37,Baseline
1120345,2.430,2.407,2.112,25.32,42.36,Baseline
1122376,2.105,1.942,1.564,25.32,42.37,Baseline
1124407,2.157,2.148,1.838,25.32,42.32,Baseline
1126438,2.047,2.260,1.567,25.32,42.30,Baseline
1128469,2.348,2.242,2.020,25.31,42.25,Baseline
1130500,2.160,2.624,1.888,25.31,42.26,Baseline
1132531,2.074,1.904,1.423,25.31,42.26,Baseline
1134562,2.194,2.182,1.935,25.31,42.27,Baseline
1136593,2.595,2.473,1.834,25.31,42.26,Baseline
1138624,3.288,2.276,1.878,25.30,42.29,Baseline
1140655,2.179,2.673,1.726,25.30,42.29,Baseline
1142686,2.470,2.500,2.079,25.30,42.27,Baseline
1144717,3.063,2.401,2.000,25.31,42.28,Baseline
1146748,2.242,2.373,1.955,25.30,42.25,Baseline
1148779,2.150,2.653,1.799,25.30,42.23,Baseline
1150810,3.183,2.676,2.063,25.30,42.24,Baseline
1152841,2.310,2.346,1.780,25.30,42.25,Baseline
1154872,2.107,2.376,1.832,25.30,42.28,Baseline
1156903,2.222,2.033,1.671,25.30,42.28,Baseline
1158934,2.365,2.348,1.910,25.30,42.28,Baseline
1160965,2.435,2.332,1.874,25.29,42.31,Baseline
1162996,2.387,2.214,1.703,25.30,42.41,Baseline
1165027,2.287,2.192,1.725,25.29,42.39,Baseline
1167058,2.467,2.407,1.813,25.30,42.38,Baseline
1169089,2.316,2.131,1.963,25.30,42.34,Baseline
1171120,1.983,2.051,1.593,25.30,42.34,Baseline
1173151,2.202,2.663,1.882,25.30,42.33,Baseline
1175182,2.308,2.438,1.703,25.30,42.30,Baseline
1177213,2.570,2.686,1.896,25.31,42.28,Baseline
1179244,2.284,2.302,1.872,25.31,42.28,Baseline
1181275,2.634,2.095,1.708,25.31,42.31,Baseline
1183306,2.187,2.224,1.694,25.31,42.32,Baseline
1185337,2.404,2.199,1.726,25.31,42.32,Baseline
1187368,2.368,2.222,1.741,25.31,42.34,Baseline
1189399,2.390,2.820,1.703,25.30,42.34,Baseline
1191430,2.346,2.634,1.896,25.30,42.35,Baseline
1193461,2.354,2.476,1.818,25.31,42.30,Baseline
1195492,2.482,2.611,1.701,25.31,42.26,Baseline
1197523,2.653,3.475,2.112,25.30,42.24,Baseline
1199554,2.287,2.279,1.888,25.30,42.24,Baseline
1201585,2.155,1.836,1.569,25.31,42.26,Baseline
1203616,2.589,2.627,1.970,25.31,42.25,Baseline
1205647,2.266,2.240,1.797,25.31,42.24,Baseline
1207678,2.393,2.289,1.952,25.31,42.25,Baseline
1209709,2.024,2.242,1.644,25.30,42.20,Baseline
1211740,2.806,2.453,2.051,25.30,42.17,Baseline
1213771,2.105,2.013,2.002,25.30,42.17,Baseline
1215802,2.105,2.611,1.725,25.30,42.16,Baseline
1217833,2.723,2.456,1.659,25.30,42.17,Baseline
1219864,2.441,2.713,1.980,25.30,42.21,Baseline
1221895,1.961,2.148,1.844,25.30,42.27,Baseline
1223926,2.733,2.258,1.862,25.31,42.27,Baseline
1225957,2.124,2.321,1.597,25.32,42.25,Baseline
1227988,2.157,2.740,2.020,25.31,42.28,Baseline
1230019,2.219,2.354,1.741,25.31,42.29,Baseline
1232050,2.308,2.143,1.605,25.30,42.31,Baseline
1234081,2.126,2.297,1.844,25.30,42.29,Baseline
1236112,2.102,2.462,1.765,25.29,42.24,Baseline
1238143,3.252,2.788,1.965,25.29,42.23,Baseline
1240174,2.255,2.042,1.816,25.30,42.24,Baseline
1242205,2.192,2.473,1.834,25.30,42.24,Baseline
1244236,2.116,2.284,1.728,25.30,42.22,Baseline
1246267,2.453,2.266,1.612,25.30,42.22,Baseline
1248298,3.187,2.706,2.081,25.30,42.22,Baseline
1250329,2.919,3.200,2.070,25.30,42.24,Baseline
1252360,2.627,2.194,1.671,25.30,42.32,Baseline
1254391,1.771,2.022,1.597,25.29,42.36,Baseline
1256422,2.143,2.327,1.671,25.29,42.38,Baseline
1258453,2.564,2.491,1.745,25.28,42.39,Baseline
1260484,2.354,2.340,1.734,25.28,42.40,Baseline
1262515,2.602,3.380,2.124,25.28,42.31,Baseline
1264546,2.004,2.074,1.569,25.28,42.27,Baseline
1266577,1.978,1.908,1.556,25.29,42.27,Baseline
1268608,2.343,2.204,1.556,25.28,42.25,Baseline
1270639,2.022,1.993,1.618,25.28,42.24,Baseline
1272670,1.985,1.882,1.664,25.28,42.30,Baseline
1274701,2.412,1.927,1.622,25.28,42.37,Baseline
1276732,2.558,2.340,1.820,25.28,42.31,Baseline
1278763,2.109,2.131,1.820,25.28,42.30,Baseline
1280794,2.318,2.182,1.892,25.28,42.30,Baseline
1282825,2.491,2.473,1.774,25.28,42.31,Baseline
1284856,2.415,2.539,1.728,25.28,42.30,Baseline
1286887,2.561,3.120,2.081,25.28,42.36,Baseline
1288918,2.427,2.165,1.822,25.28,42.34,Baseline
1290949,2.934,3.067,2.084,25.28,42.33,Baseline
1292980,2.441,2.289,1.758,25.28,42.31,Baseline
1295011,2.004,2.611,1.868,25.28,42.31,Baseline
1297042,2.222,2.067,1.803,25.28,42.26,Baseline
1299073,2.098,2.227,1.822,25.29,42.27,Baseline
1301104,2.133,2.197,1.673,25.27,42.28,Baseline
1303135,2.179,3.071,2.088,25.24,42.29,Baseline
1305166,2.179,2.723,1.786,25.23,42.32,Baseline
1307197,2.072,2.433,1.680,25.23,42.32,Baseline
1309228,2.351,2.976,1.933,25.24,42.33,Baseline
1311259,2.214,2.450,2.013,25.25,42.34,Baseline
1313290,2.922,2.459,1.801,25.24,42.35,Baseline
1315321,2.038,2.506,1.737,25.24,42.38,Baseline
1317352,2.061,2.227,1.944,25.24,42.41,Baseline
1319383,2.271,2.184,1.588,25.24,42.45,Baseline
1321414,2.646,2.666,1.822,25.24,42.42,Baseline
1323445,2.217,2.245,1.921,25.23,42.39,Baseline
1325476,2.212,2.279,1.846,25.24,42.37,Baseline
1327507,2.435,3.829,2.133,25.24,42.40,Baseline
1329538,2.237,2.204,1.691,25.25,42.41,Baseline
1331569,2.172,2.255,1.980,25.25,42.38,Baseline
1333600,2.693,3.042,2.167,25.25,42.34,Baseline
1335631,2.393,2.713,2.024,25.25,42.32,Baseline
1337662,2.128,2.116,1.778,25.24,42.30,Baseline
1339693,2.433,2.362,1.730,25.25,42.29,Baseline
1341724,1.946,2.131,1.669,25.24,42.36,Baseline
1343755,2.509,2.152,1.569,25.24,42.35,Baseline
1345786,3.398,2.121,1.818,25.23,42.29,Baseline
1347817,2.624,3.266,2.281,25.23,42.27,Baseline
1349848,2.650,2.953,2.172,25.23,42.27,Baseline
1351879,3.083,3.356,2.074,25.23,42.26,Baseline
1353910,3.128,2.427,1.864,25.23,42.25,Baseline
1355941,1.923,2.174,1.708,25.23,42.23,Baseline
1357972,2.287,2.401,1.584,25.24,42.25,Baseline
1360003,2.174,2.313,1.654,25.24,42.22,Baseline
1362034,2.170,2.407,1.892,25.24,42.21,Baseline
1364065,2.589,3.691,2.219,25.24,42.21,Baseline
1366096,2.247,2.276,1.602,25.24,42.22,Baseline
1368127,1.880,1.902,1.650,25.24,42.20,Baseline
1370158,2.145,2.258,1.710,25.24,42.22,Baseline
1372189,2.494,2.539,1.774,25.24,42.27,Baseline
1374220,1.987,1.944,1.818,25.23,42.30,Baseline
1376251,2.699,3.370,2.184,25.23,42.35,Baseline
1378282,2.170,2.348,1.710,25.23,42.38,Baseline
1380313,2.209,2.235,1.900,25.22,42.35,Baseline
1382344,2.376,2.573,1.898,25.22,42.31,Baseline
1384375,2.767,3.446,2.222,25.23,42.27,Baseline
1386406,2.583,2.467,1.778,25.23,42.25,Baseline
1388437,1.866,2.204,1.661,25.23,42.23,Baseline
1390468,2.109,2.088,1.590,25.23,42.22,Baseline
1392499,2.421,2.321,1.929,25.23,42.23,Baseline
1394530,2.250,2.136,1.828,25.23,42.22,Baseline
1396561,2.018,2.310,1.828,25.23,42.21,Baseline
1398592,2.396,2.232,1.980,25.23,42.20,Baseline
1400623,2.095,2.310,1.797,25.23,42.20,Baseline
1402654,2.424,2.148,1.790,25.23,42.23,Baseline
1404685,2.387,2.329,1.761,25.24,42.24,Baseline
1406716,2.072,2.242,1.592,25.23,42.22,Baseline
1408747,2.968,2.404,1.756,25.24,42.22,Baseline
1410778,2.390,2.995,1.955,25.24,42.20,Baseline
1412809,2.390,2.450,2.009,25.23,42.22,Baseline
1414840,2.427,2.653,1.890,25.23,42.19,Baseline
1416871,2.470,2.589,1.822,25.23,42.16,Baseline
1418902,2.656,3.653,2.079,25.23,42.17,Baseline
1420933,2.250,2.013,1.587,25.23,42.19,Baseline
1422964,2.365,2.136,1.719,25.24,42.18,Baseline
1424995,2.424,2.521,1.931,25.24,42.22,Baseline
1427026,2.268,2.488,1.649,25.25,42.21,Baseline
1429057,2.602,2.346,1.950,25.25,42.19,Baseline
1431088,2.229,2.209,1.678,25.24,42.19,Baseline
1433119,2.904,2.527,1.701,25.24,42.20,Baseline
1435150,2.116,2.027,1.931,25.25,42.22,Baseline
1437181,2.222,2.224,1.644,25.24,42.21,Baseline
1439212,3.222,2.771,2.077,25.24,42.21,Baseline
1441243,2.542,2.242,1.735,25.24,42.20,Baseline
1443274,2.370,3.244,2.020,25.24,42.20,Baseline
1445305,2.126,2.421,1.642,25.24,42.20,Baseline
1447336,2.373,2.542,1.834,25.24,42.21,Baseline
1449367,2.476,2.289,1.925,25.23,42.17,Baseline
1451398,2.229,2.100,1.758,25.23,42.15,Baseline
1453429,2.346,2.656,1.703,25.23,42.15,Baseline
1455460,2.224,2.368,1.763,25.23,42.15,Baseline
1457491,2.506,2.289,1.980,25.22,42.18,Baseline
1459522,2.561,2.321,1.666,25.23,42.17,Baseline
1461553,2.743,3.116,2.167,25.23,42.17,Baseline
1463584,2.260,2.074,1.558,25.22,42.15,Baseline
1465615,2.500,2.162,1.896,25.22,42.13,Baseline
1467646,2.070,2.119,1.846,25.22,42.13,Baseline
1469677,2.294,2.530,2.042,25.22,42.13,Baseline
1471708,3.226,2.346,1.797,25.22,42.12,Baseline
1473739,2.209,2.679,1.579,25.22,42.12,Baseline
1475770,2.799,1.884,1.657,25.22,42.09,Baseline
1477801,2.456,2.373,1.728,25.21,42.12,Baseline
1479832,2.497,2.621,1.931,25.21,42.13,Baseline
1481863,2.229,2.150,1.788,25.21,42.09,Baseline
1483894,1.963,2.930,1.531,25.21,42.12,Baseline
1485925,3.964,2.266,2.170,25.21,42.13,Baseline
1487956,2.271,2.194,1.898,25.22,42.13,Baseline
1489987,2.357,2.297,1.838,25.21,42.13,Baseline
1492018,2.396,2.370,1.807,25.22,42.13,Baseline
1494049,2.316,2.199,1.698,25.21,42.13,Baseline
1496080,2.384,2.179,1.685,25.22,42.12,Baseline
1498111,2.294,2.479,1.942,25.22,42.13,Baseline
1500142,1.987,2.335,1.826,25.22,42.11,Baseline
1502173,3.031,3.441,2.088,25.22,42.13,Baseline
1504204,2.187,2.359,1.590,25.23,42.15,Baseline
1506235,2.189,2.067,1.691,25.22,42.16,Baseline
1508266,3.217,1.955,2.015,25.22,42.15,Baseline
1510297,2.329,2.441,1.756,25.22,42.12,Baseline
1512328,2.570,3.261,2.187,25.22,42.12,Baseline
1514359,2.533,2.268,1.803,25.22,42.13,Baseline
1516390,2.412,2.119,1.950,25.22,42.16,Baseline
1518421,3.058,2.941,1.870,25.22,42.21,Baseline
1520452,2.435,2.222,1.791,25.21,42.26,Baseline
1522483,2.209,2.792,2.065,25.21,42.29,Baseline
1524514,2.287,2.255,1.618,25.22,42.28,Baseline
1526545,2.217,2.000,1.892,25.21,42.24,Baseline
1528576,2.949,2.279,1.884,25.21,42.22,Baseline
1530607,2.100,1.972,1.572,25.21,42.19,Baseline
1532638,2.187,2.424,1.602,25.21,42.17,Baseline
1534669,2.182,1.935,1.769,25.21,42.14,Baseline
1536700,2.450,2.874,2.189,25.21,42.15,Baseline
1538731,2.136,2.170,1.748,25.20,42.17,Baseline
1540762,2.479,2.227,1.689,25.21,42.16,Baseline
1542793,2.086,2.438,1.617,25.21,42.13,Baseline
1544824,2.795,2.162,1.946,25.20,42.17,Baseline
1546855,2.533,2.900,2.063,25.20,42.18,Baseline
1548886,2.109,2.121,1.784,25.20,42.20,Baseline
1550917,2.435,2.332,1.797,25.20,42.19,Baseline
1552948,2.390,2.332,1.707,25.21,42.20,Baseline
1554979,1.844,2.379,1.603,25.21,42.22,Baseline
1557010,2.294,2.368,1.826,25.21,42.23,Baseline
1559041,2.357,2.660,2.112,25.20,42.24,Baseline
1561072,2.224,2.112,1.860,25.19,42.29,Baseline
1563103,2.194,2.292,1.739,25.20,42.28,Baseline
1565134,2.450,2.834,2.167,25.20,42.27,Baseline
1567165,2.611,2.357,1.761,25.19,42.30,Baseline
1569196,2.673,3.038,2.105,25.18,42.29,Baseline
1571227,2.509,2.608,1.689,25.18,42.30,Baseline
1573258,2.467,2.404,2.054,25.17,42.29,Baseline
1575289,2.316,2.713,1.767,25.17,42.30,Baseline
1577320,2.337,2.116,1.890,25.18,42.30,Baseline
1579351,1.987,2.033,1.529,25.18,42.28,Baseline
1581382,2.145,2.107,1.846,25.19,42.25,Baseline
1583413,2.258,1.959,1.663,25.18,42.22,Baseline
1585444,2.653,2.204,1.892,25.18,42.20,Baseline
1587475,2.362,2.598,1.980,25.18,42.21,Baseline
1589506,2.447,2.456,1.683,25.19,42.24,Baseline
1591537,2.065,2.860,1.846,25.19,42.25,Baseline
1593568,2.608,2.033,1.854,25.19,42.20,Baseline
1595599,2.165,2.237,1.542,25.19,42.18,Baseline
1597630,2.133,2.192,1.654,25.19,42.17,Baseline
1599661,2.387,2.318,1.838,25.19,42.17,Baseline
1601692,2.172,2.242,1.518,25.19,42.22,Baseline
1603723,2.346,3.505,2.212,25.18,42.23,Baseline
1605754,2.212,2.022,1.842,25.18,42.28,Baseline
1607785,2.438,2.266,1.826,25.19,42.24,Baseline
1609816,2.143,2.162,1.612,25.19,42.26,Baseline
1611847,2.245,2.368,1.882,25.19,42.26,Baseline
1613878,2.109,2.065,1.600,25.19,42.28,Baseline
1615909,2.335,2.174,1.741,25.19,42.24,Baseline
1617940,2.232,2.393,1.888,25.18,42.23,Baseline
1619971,2.302,2.488,1.874,25.19,42.22,Baseline
1622002,2.321,2.515,2.002,25.19,42.21,Baseline
1624033,2.524,2.337,1.952,25.19,42.20,Baseline
1626064,2.289,1.978,1.582,25.18,42.19,Baseline
1628095,2.354,2.376,1.765,25.18,42.14,Baseline
1630126,2.456,2.281,1.790,25.19,42.15,Baseline
1632157,2.247,2.260,1.776,25.18,42.15,Baseline
1634188,2.387,2.488,1.730,25.18,42.13,Baseline
1636219,2.656,2.308,1.739,25.18,42.16,Baseline
1638250,2.494,2.250,1.669,25.19,42.14,Baseline
1640281,2.390,2.124,1.820,25.20,42.14,Baseline
1642312,2.464,2.376,1.923,25.20,42.15,Baseline
1644343,2.313,2.740,1.728,25.20,42.15,Baseline
1646374,2.294,2.281,1.776,25.20,42.15,Baseline
1648405,2.503,2.321,1.846,25.20,42.14,Baseline
1650436,2.676,2.433,1.900,25.20,42.11,Baseline
1652467,2.258,2.102,1.632,25.20,42.11,Baseline
1654498,2.470,2.354,1.915,25.20,42.10,Baseline
1656529,2.289,2.530,1.872,25.20,42.10,Baseline
1658560,2.327,2.444,1.758,25.20,42.10,Baseline
1660591,2.297,2.491,1.985,25.20,42.10,Baseline
1662622,1.985,2.224,1.652,25.20,42.11,Baseline
1664653,3.570,2.987,2.204,25.20,42.10,Baseline
1666684,2.133,2.346,1.746,25.20,42.10,Baseline
1668715,2.297,2.279,1.739,25.20,42.08,Baseline
1670746,2.479,2.518,2.007,25.20,42.06,Baseline
1672777,2.435,2.686,1.737,25.20,42.04,Baseline
1674808,3.306,2.524,2.079,25.21,42.06,Baseline
1676839,2.459,2.430,1.950,25.21,42.08,Baseline
1678870,3.174,3.252,2.165,25.21,42.10,Baseline
1680901,2.536,2.098,1.862,25.21,42.07,Baseline
1682932,2.027,2.310,1.623,25.21,42.08,Baseline
1684963,2.450,2.401,1.842,25.20,42.11,Baseline
1686994,1.980,2.133,1.741,25.20,42.10,Baseline
1689025,2.086,2.000,1.921,25.20,42.10,Baseline
1691056,2.354,2.174,1.915,25.20,42.12,Baseline
1693087,2.313,2.263,1.915,25.21,42.15,Baseline
1695118,2.229,2.174,1.813,25.21,42.20,Baseline
1697149,2.250,2.348,1.799,25.21,42.13,Baseline
1699180,2.222,2.131,1.908,25.21,42.11,Baseline
1701211,2.271,2.112,1.816,25.21,42.11,Baseline
1703242,2.150,2.384,1.923,25.21,42.09,Baseline
1705273,2.189,2.281,1.699,25.22,42.09,Baseline
1707304,2.093,2.250,1.803,25.22,42.09,Baseline
1709335,2.792,2.281,1.816,25.22,42.09,Baseline
1711366,2.136,2.152,1.726,25.22,42.08,Baseline
1713397,2.294,2.318,1.739,25.22,42.06,Baseline
1715428,2.119,2.184,1.553,25.22,42.03,Baseline
1717459,2.983,3.288,2.227,25.21,42.08,Baseline
1719490,2.536,2.757,2.004,25.21,42.08,Baseline
1721521,2.240,2.292,1.917,25.20,42.10,Baseline
1723552,2.373,2.227,1.933,25.21,42.06,Baseline
1725583,2.573,2.136,1.921,25.21,42.07,Baseline
1727614,2.359,2.630,2.058,25.20,42.06,Baseline
1729645,3.239,4.049,2.126,25.20,42.02,Baseline
1731676,2.673,2.116,1.769,25.20,42.02,Baseline
1733707,2.382,2.192,1.691,25.19,41.99,Baseline
1735738,2.015,2.271,1.642,25.20,42.01,Baseline
1737769,2.152,2.148,1.669,25.20,42.01,Baseline
1739800,3.375,3.297,2.007,25.19,42.01,Baseline
1741831,2.561,2.427,1.816,25.20,42.01,Baseline
1743862,2.321,1.965,1.813,25.19,42.00,Baseline
1745893,2.404,2.497,1.752,25.19,41.99,Baseline
1747924,2.212,1.908,1.701,25.19,41.98,Baseline
1749955,2.109,2.424,1.944,25.19,41.97,Baseline
1751986,1.950,2.390,1.593,25.20,41.98,Baseline
1754017,2.114,2.302,1.739,25.19,41.96,Baseline
1756048,3.031,3.222,2.098,25.19,41.99,Baseline
1758079,2.192,2.435,1.721,25.19,41.96,Baseline
1760110,2.476,2.435,1.703,25.19,42.00,Baseline
1762141,2.666,2.308,1.714,25.19,42.01,Baseline
37822,2.614,2.266,1.678,25.21,44.32,Metanol
39853,2.292,2.379,1.846,25.22,44.32,Metanol
41884,2.473,2.240,1.730,25.22,44.32,Metanol
43915,2.459,2.300,1.886,25.22,44.30,Metanol
45946,2.109,2.058,1.503,25.23,44.29,Metanol
47977,2.719,2.882,2.084,25.23,44.27,Metanol
50008,2.207,2.107,1.703,25.23,44.25,Metanol
52039,2.260,2.533,1.852,25.23,44.25,Metanol
54070,2.079,2.152,1.726,25.23,44.23,Metanol
56101,2.398,1.870,1.635,25.24,44.22,Metanol
58132,2.792,2.086,1.692,25.24,44.24,Metanol
60163,2.456,3.275,2.152,25.25,44.25,Metanol
62194,2.533,3.380,2.009,25.24,44.26,Metanol
64225,2.878,2.656,2.209,25.25,44.28,Metanol
66256,2.318,2.004,1.593,25.25,44.29,Metanol
68287,2.351,2.294,1.680,25.26,44.33,Metanol
70318,2.148,2.102,1.795,25.26,44.34,Metanol
72349,2.273,2.140,1.630,25.26,44.40,Metanol
74380,2.237,2.719,1.741,25.27,44.41,Metanol
76411,2.157,2.079,1.797,25.27,44.44,Metanol
78442,2.268,2.637,2.033,25.27,44.46,Metanol
80473,2.699,1.917,1.705,25.27,44.51,Metanol
82504,2.105,1.850,1.509,25.28,44.54,Metanol
84535,2.640,2.237,1.765,25.29,44.58,Metanol
86566,2.165,2.242,1.872,25.28,44.62,Metanol
88597,2.237,2.155,1.650,25.29,44.65,Metanol
90628,2.056,2.042,1.915,25.29,44.70,Metanol
92659,2.093,1.980,1.661,25.29,44.74,Metanol
94690,2.583,2.128,1.799,25.30,44.80,Metanol
96721,2.302,2.124,1.517,25.30,44.83,Metanol
98752,2.114,2.133,1.965,25.31,44.87,Metanol
100783,2.376,2.065,1.661,25.31,44.92,Metanol
102814,2.398,2.170,1.832,25.31,44.97,Metanol
104845,2.116,2.447,1.998,25.32,45.05,Metanol
106876,2.015,1.948,1.707,25.32,45.13,Metanol
108907,2.302,1.993,1.633,25.32,45.15,Metanol
110938,2.456,2.679,1.676,25.32,45.20,Metanol
112969,2.362,2.365,1.708,25.33,45.24,Metanol
115000,2.608,2.415,1.657,25.33,45.30,Metanol
117031,2.114,1.830,1.828,25.33,45.36,Metanol
119062,2.281,2.332,1.696,25.33,45.40,Metanol
121093,1.996,1.976,1.661,25.33,45.45,Metanol
123124,2.589,2.242,1.613,25.34,45.52,Metanol
125155,2.922,3.297,2.088,25.34,45.55,Metanol
127186,2.276,2.676,1.797,25.34,45.64,Metanol
129217,2.576,3.230,2.091,25.34,45.68,Metanol
131248,2.148,2.418,1.741,25.34,45.74,Metanol
133279,2.070,2.162,1.464,25.35,45.82,Metanol
135310,1.784,2.074,1.784,25.35,45.90,Metanol
137341,2.174,2.279,1.716,25.35,45.97,Metanol
139372,2.310,2.630,1.976,25.36,46.05,Metanol
141403,2.533,2.327,1.790,25.35,46.12,Metanol
143434,2.679,2.640,2.061,25.36,46.18,Metanol
145465,2.491,2.020,1.803,25.36,46.27,Metanol
147496,2.335,3.270,2.086,25.36,46.35,Metanol
149527,2.521,2.112,1.826,25.36,46.41,Metanol
151558,2.172,1.959,1.784,25.36,46.48,Metanol
153589,2.390,3.087,2.058,25.36,46.55,Metanol
155620,2.346,2.077,1.610,25.37,46.63,Metanol
157651,2.536,2.521,1.773,25.36,46.72,Metanol
159682,2.107,2.224,1.696,25.37,46.79,Metanol
161713,1.842,2.354,1.647,25.37,46.88,Metanol
163744,1.996,2.382,1.517,25.37,46.95,Metanol
165775,1.838,1.965,1.464,25.38,47.06,Metanol
167806,2.376,2.362,1.584,25.38,47.14,Metanol
169837,2.573,2.424,1.776,25.38,47.21,Metanol
171868,2.407,2.100,1.848,25.38,47.30,Metanol
173899,2.128,1.921,1.795,25.39,47.39,Metanol
175930,2.302,2.424,1.714,25.38,47.50,Metanol
177961,2.109,1.985,1.615,25.39,47.60,Metanol
179992,2.074,1.840,1.750,25.39,47.69,Metanol
182023,2.155,1.813,1.618,25.39,47.76,Metanol
184054,2.058,1.993,1.652,25.39,47.84,Metanol
186085,2.297,2.351,1.725,25.39,47.94,Metanol
188116,1.910,2.128,1.620,25.39,48.02,Metanol
190147,2.197,2.337,1.649,25.40,48.12,Metanol
192178,3.063,3.366,1.938,25.39,48.22,Metanol
194209,2.444,3.031,2.189,25.40,48.30,Metanol
196240,2.308,2.485,1.868,25.40,48.41,Metanol
198271,1.987,2.209,1.917,25.40,48.50,Metanol
200302,2.427,2.070,1.739,25.40,48.60,Metanol
202333,2.199,2.145,1.746,25.40,48.69,Metanol
204364,2.404,2.279,1.771,25.41,48.80,Metanol
206395,2.287,2.065,1.537,25.40,48.91,Metanol
208426,2.332,3.466,2.279,25.40,49.02,Metanol
210457,2.079,2.077,1.870,25.41,49.10,Metanol
212488,2.297,2.589,1.746,25.41,49.20,Metanol
214519,2.131,2.084,1.933,25.40,49.29,Metanol
216550,2.061,2.212,1.615,25.41,49.40,Metanol
218581,2.343,2.128,1.790,25.41,49.51,Metanol
220612,2.321,2.473,1.741,25.41,49.61,Metanol
222643,2.013,2.074,1.661,25.41,49.71,Metanol
224674,2.116,2.730,2.081,25.41,49.81,Metanol
226705,2.321,2.321,1.699,25.42,49.90,Metanol
228736,2.284,1.998,1.608,25.41,50.03,Metanol
230767,2.456,3.091,2.292,25.41,50.09,Metanol
232798,2.084,2.036,1.725,25.41,50.20,Metanol
234829,1.809,2.145,1.844,25.42,50.29,Metanol
236860,2.015,2.172,1.888,25.42,50.41,Metanol
238891,2.683,3.107,2.247,25.42,50.50,Metanol
240922,1.946,1.967,1.652,25.42,50.61,Metanol
242953,2.177,2.430,1.846,25.42,50.74,Metanol
244984,2.182,2.116,1.784,25.42,50.83,Metanol
247015,2.332,1.908,1.663,25.42,50.94,Metanol
249046,2.107,2.266,1.836,25.42,51.04,Metanol
251077,2.061,2.488,1.864,25.43,51.16,Metanol
253108,3.042,2.922,2.013,25.43,51.28,Metanol
255139,2.102,1.965,1.782,25.43,51.39,Metanol
257170,2.255,2.357,1.627,25.43,51.50,Metanol
259201,2.359,2.561,1.664,25.43,51.61,Metanol
261232,2.237,2.382,1.896,25.43,51.73,Metanol
263263,2.456,2.430,1.840,25.43,51.86,Metanol
265294,2.666,2.438,1.795,25.44,51.96,Metanol
267325,1.870,2.479,1.866,25.44,52.08,Metanol
269356,2.263,2.088,1.663,25.44,52.21,Metanol
271387,1.929,2.038,1.876,25.44,52.32,Metanol
273418,1.896,2.614,1.572,25.44,52.46,Metanol
275449,2.162,1.972,1.710,25.44,52.58,Metanol
277480,2.027,2.357,1.608,25.44,52.70,Metanol
279511,2.276,2.640,2.018,25.44,52.82,Metanol
281542,2.140,2.063,1.759,25.44,52.94,Metanol
283573,2.473,2.266,1.860,25.45,53.08,Metanol
285604,2.157,2.189,1.610,25.45,53.21,Metanol
287635,1.974,2.357,1.556,25.44,53.31,Metanol
289666,2.207,2.229,1.694,25.44,53.45,Metanol
291697,2.245,2.506,1.765,25.45,53.58,Metanol
293728,2.583,2.184,1.908,25.44,53.70,Metanol
295759,2.250,2.136,1.795,25.45,53.84,Metanol
297790,2.253,2.150,1.730,25.44,53.97,Metanol
299821,2.586,2.456,1.769,25.44,54.11,Metanol
301852,2.433,2.485,1.595,25.44,54.24,Metanol
303883,2.693,2.885,2.126,25.44,54.35,Metanol
305914,2.412,2.199,1.848,25.45,54.47,Metanol
307945,2.479,3.446,1.961,25.44,54.59,Metanol
309976,2.107,2.444,1.668,25.44,54.72,Metanol
312007,2.354,2.491,2.040,25.44,54.84,Metanol
314038,2.497,2.268,1.834,25.44,54.95,Metanol
316069,2.370,2.177,1.830,25.45,55.06,Metanol
318100,2.240,2.379,1.917,25.45,55.18,Metanol
320131,2.054,2.266,1.961,25.45,55.32,Metanol
322162,1.888,2.300,1.844,25.45,55.42,Metanol
324193,2.224,2.116,1.805,25.45,55.55,Metanol
326224,1.998,2.242,1.678,25.45,55.66,Metanol
328255,2.258,2.488,2.140,25.45,55.78,Metanol
330286,2.552,1.993,1.913,25.45,55.88,Metanol
332317,2.343,2.424,1.597,25.46,56.02,Metanol
334348,2.329,1.991,1.649,25.46,56.15,Metanol
336379,2.485,2.646,1.860,25.46,56.24,Metanol
338410,2.000,2.167,1.850,25.46,56.37,Metanol
340441,2.177,2.058,1.782,25.46,56.53,Metanol
342472,2.013,2.054,1.814,25.46,56.62,Metanol
344503,2.266,2.107,1.730,25.46,56.74,Metanol
346534,2.297,2.376,1.788,25.46,56.87,Metanol
348565,2.297,2.245,1.846,25.46,57.00,Metanol
350596,2.192,1.858,1.635,25.46,57.14,Metanol
352627,2.105,2.114,1.708,25.46,57.27,Metanol
354658,1.890,1.950,1.488,25.46,57.40,Metanol
356689,2.518,2.287,1.890,25.46,57.51,Metanol
358720,2.573,2.148,1.814,25.46,57.65,Metanol
360751,2.219,2.561,1.791,25.46,57.78,Metanol
362782,2.321,2.300,1.754,25.46,57.91,Metanol
364813,2.150,2.384,1.868,25.46,58.06,Metanol
366844,2.199,2.222,1.566,25.46,58.18,Metanol
368875,2.227,1.983,1.427,25.46,58.30,Metanol
370906,1.813,2.114,1.834,25.47,58.43,Metanol
372937,2.586,1.904,1.644,25.46,58.55,Metanol
374968,2.686,2.617,1.664,25.46,58.69,Metanol
376999,2.379,2.192,1.886,25.47,58.81,Metanol
379030,2.197,2.058,1.852,25.46,58.94,Metanol
381061,2.365,2.253,1.635,25.46,59.07,Metanol
383092,2.199,2.335,1.620,25.47,59.19,Metanol
385123,2.396,2.462,1.801,25.47,59.31,Metanol
387154,1.902,2.070,1.703,25.46,59.43,Metanol
389185,1.976,2.260,1.577,25.46,59.58,Metanol
391216,2.555,2.512,1.801,25.47,59.70,Metanol
393247,2.202,1.944,1.848,25.47,59.81,Metanol
395278,2.558,2.723,2.074,25.47,59.92,Metanol
397309,2.084,2.138,1.769,25.47,60.07,Metanol
399340,1.878,2.792,1.963,25.47,60.20,Metanol
401371,2.459,2.370,1.759,25.47,60.31,Metanol
403402,2.081,2.359,1.556,25.47,60.41,Metanol
405433,2.686,2.310,1.874,25.47,60.54,Metanol
407464,2.114,2.029,1.788,25.47,60.66,Metanol
409495,2.332,2.192,1.620,25.47,60.77,Metanol
411526,1.952,2.160,1.663,25.47,60.89,Metanol
413557,1.972,2.462,1.696,25.47,61.02,Metanol
415588,2.047,1.830,1.976,25.47,61.15,Metanol
417619,2.515,2.530,1.752,25.47,61.26,Metanol
419650,2.500,2.421,1.694,25.47,61.37,Metanol
421681,2.124,2.047,1.832,25.47,61.48,Metanol
423712,2.284,2.589,1.728,25.47,61.59,Metanol
425743,2.033,2.494,2.029,25.47,61.71,Metanol
427774,2.004,2.242,1.758,25.47,61.82,Metanol
429805,2.020,2.038,1.850,25.47,61.91,Metanol
431836,2.232,2.245,1.712,25.47,62.04,Metanol
433867,1.703,2.194,1.746,25.47,62.15,Metanol
435898,2.189,2.202,1.927,25.47,62.28,Metanol
437929,3.103,2.379,1.989,25.47,62.37,Metanol
439960,2.214,2.013,1.708,25.47,62.47,Metanol
441991,2.192,2.212,1.719,25.47,62.58,Metanol
444022,2.162,2.266,1.888,25.47,62.71,Metanol
446053,2.157,1.970,1.566,25.47,62.82,Metanol
448084,2.327,2.332,1.793,25.48,62.95,Metanol
450115,2.679,3.116,2.229,25.47,63.03,Metanol
452146,2.294,2.444,1.868,25.47,63.16,Metanol
454177,1.983,2.162,1.850,25.47,63.27,Metanol
456208,1.972,1.978,1.864,25.47,63.39,Metanol
458239,2.552,2.467,1.784,25.47,63.49,Metanol
460270,2.281,1.852,1.610,25.47,63.60,Metanol
462301,2.934,2.813,2.128,25.47,63.73,Metanol
464332,2.300,1.846,1.752,25.47,63.83,Metanol
466363,2.105,2.255,1.717,25.47,63.93,Metanol
468394,2.813,3.042,2.081,25.47,64.06,Metanol
470425,2.109,2.235,1.852,25.48,64.15,Metanol
472456,2.273,2.081,1.613,25.47,64.25,Metanol
474487,2.116,2.152,1.807,25.48,64.38,Metanol
476518,2.327,2.387,1.774,25.48,64.52,Metanol
478549,2.000,2.140,1.944,25.47,64.58,Metanol
480580,2.583,2.980,1.998,25.47,64.70,Metanol
482611,2.598,2.324,1.765,25.47,64.79,Metanol
484642,2.045,2.266,1.630,25.47,64.90,Metanol
486673,2.095,2.187,1.574,25.47,65.01,Metanol
488704,2.031,2.621,1.592,25.48,65.11,Metanol
490735,1.959,2.245,1.728,25.47,65.21,Metanol
492766,1.944,2.321,1.870,25.47,65.31,Metanol
494797,2.433,2.033,1.595,25.47,65.42,Metanol
496828,3.451,2.885,1.758,25.47,65.52,Metanol
498859,1.944,2.022,1.921,25.47,65.62,Metanol
500890,2.081,2.018,1.739,25.47,65.72,Metanol
502921,2.407,2.276,1.797,25.47,65.81,Metanol
504952,2.152,2.723,1.858,25.47,65.89,Metanol
506983,2.370,2.292,1.790,25.47,66.00,Metanol
509014,2.289,2.318,1.728,25.47,66.10,Metanol
511045,2.533,2.308,1.888,25.47,66.18,Metanol
513076,2.036,2.033,1.888,25.46,66.26,Metanol
515107,2.116,1.927,1.776,25.46,66.34,Metanol
517138,2.824,2.284,1.797,25.46,66.42,Metanol
519169,2.915,2.900,2.088,25.46,66.51,Metanol
521200,2.165,1.915,1.814,25.46,66.61,Metanol
523231,2.143,1.946,1.741,25.46,66.67,Metanol
525262,2.013,2.022,1.880,25.46,66.75,Metanol
527293,2.124,2.051,1.745,25.46,66.81,Metanol
529324,2.197,2.398,2.011,25.46,66.89,Metanol
531355,2.340,1.915,1.668,25.46,66.96,Metanol
533386,2.179,2.337,1.556,25.46,67.03,Metanol
535417,2.170,2.197,1.822,25.46,67.11,Metanol
537448,2.179,2.170,1.848,25.46,67.18,Metanol
539479,2.033,2.242,1.795,25.46,67.26,Metanol
541510,2.174,2.018,1.836,25.46,67.35,Metanol
543541,2.393,2.453,1.965,25.46,67.41,Metanol
545572,1.980,2.242,1.970,25.46,67.50,Metanol
547603,2.376,2.112,1.862,25.46,67.59,Metanol
549634,2.549,2.343,1.844,25.46,67.66,Metanol
551665,2.155,2.229,1.818,25.46,67.74,Metanol
553696,2.444,2.368,1.767,25.46,67.82,Metanol
555727,2.177,2.056,1.592,25.46,67.89,Metanol
557758,1.942,2.357,1.717,25.46,67.97,Metanol
559789,2.128,2.209,1.874,25.46,68.03,Metanol
561820,2.054,2.121,1.716,25.46,68.12,Metanol
563851,2.415,2.435,1.850,25.45,68.18,Metanol
565882,2.033,2.086,1.929,25.46,68.26,Metanol
567913,2.105,2.242,1.838,25.45,68.30,Metanol
569944,1.955,2.051,1.788,25.46,68.40,Metanol
571975,2.533,2.926,2.143,25.45,68.46,Metanol
574006,2.686,2.253,1.805,25.45,68.55,Metanol
576037,1.998,2.063,1.652,25.45,68.61,Metanol
578068,2.479,2.643,1.993,25.45,68.68,Metanol
580099,2.305,2.337,1.820,25.45,68.75,Metanol
582130,2.305,2.329,2.015,25.45,68.82,Metanol
584161,2.699,2.209,1.750,25.45,68.92,Metanol
586192,2.292,2.310,1.678,25.45,68.97,Metanol
588223,2.136,2.165,1.797,25.45,69.05,Metanol
590254,2.404,2.128,1.872,25.45,69.08,Metanol
592285,2.095,2.040,1.950,25.45,69.16,Metanol
594316,2.250,2.247,1.771,25.45,69.23,Metanol
596347,2.335,2.038,1.716,25.45,69.31,Metanol
598378,2.300,2.348,1.917,25.45,69.37,Metanol
600409,2.281,2.114,1.579,25.45,69.42,Metanol
602440,2.247,2.427,1.652,25.45,69.48,Metanol
604471,2.098,2.214,1.673,25.44,69.54,Metanol
606502,2.387,2.646,1.948,25.44,69.61,Metanol
608533,1.830,2.011,1.630,25.44,69.69,Metanol
610564,2.351,2.287,1.743,25.44,69.74,Metanol
612595,2.192,2.079,1.927,25.44,69.81,Metanol
614626,2.362,2.415,1.842,25.44,69.88,Metanol
616657,2.112,2.091,1.900,25.44,69.94,Metanol
618688,2.404,2.709,1.737,25.44,70.01,Metanol
620719,2.140,2.393,1.767,25.44,70.06,Metanol
622750,3.079,3.441,2.199,25.44,70.12,Metanol
624781,2.418,2.162,1.828,25.44,70.18,Metanol
626812,2.033,2.305,1.900,25.44,70.27,Metanol
628843,2.148,2.459,2.000,25.44,70.34,Metanol
630874,2.467,2.294,1.904,25.44,70.38,Metanol
632905,2.343,2.435,1.878,25.44,70.43,Metanol
634936,2.049,2.121,1.632,25.44,70.49,Metanol
636967,2.140,1.769,1.644,25.44,70.54,Metanol
638998,2.121,2.284,1.572,25.44,70.57,Metanol
641029,2.004,2.155,1.525,25.44,70.64,Metanol
643060,2.240,2.131,1.880,25.43,70.68,Metanol
645091,2.313,2.611,1.856,25.43,70.75,Metanol
647122,2.095,2.224,1.714,25.44,70.77,Metanol
649153,2.157,1.846,1.630,25.44,70.84,Metanol
651184,2.167,2.297,1.628,25.43,70.90,Metanol
653215,2.182,2.242,1.856,25.43,70.95,Metanol
655246,2.421,2.214,2.002,25.43,71.02,Metanol
657277,2.370,2.174,1.900,25.43,71.07,Metanol
659308,2.013,2.061,1.848,25.43,71.13,Metanol
661339,2.189,2.240,1.716,25.43,71.19,Metanol
663370,1.998,1.991,1.707,25.43,71.26,Metanol
665401,2.214,2.308,1.816,25.43,71.33,Metanol
667432,2.302,2.229,1.791,25.43,71.40,Metanol
669463,2.192,2.324,1.915,25.43,71.43,Metanol
671494,2.404,2.669,2.024,25.43,71.50,Metanol
673525,2.396,2.335,1.771,25.43,71.59,Metanol
675556,2.102,2.045,1.805,25.43,71.64,Metanol
677587,2.494,2.686,1.989,25.43,71.70,Metanol
679618,2.418,2.518,1.967,25.43,71.74,Metanol
681649,2.289,2.194,1.725,25.43,71.80,Metanol
683680,1.950,2.128,1.650,25.43,71.86,Metanol
685711,2.058,2.162,1.842,25.42,71.93,Metanol
687742,2.589,2.774,2.015,25.43,72.00,Metanol
689773,2.067,1.923,1.584,25.43,72.04,Metanol
691804,2.237,2.509,1.820,25.43,72.11,Metanol
693835,2.359,2.182,1.771,25.42,72.16,Metanol
695866,2.131,2.105,1.917,25.42,72.22,Metanol
697897,2.197,2.530,1.963,25.43,72.25,Metanol
699928,2.359,2.337,1.989,25.43,72.30,Metanol
701959,2.237,2.310,1.888,25.42,72.36,Metanol
703990,2.217,2.148,1.972,25.42,72.41,Metanol
706021,2.470,2.359,1.656,25.42,72.47,Metanol
708052,2.346,2.621,1.854,25.42,72.52,Metanol
710083,2.160,1.921,1.448,25.42,72.58,Metanol
712114,2.297,2.143,1.931,25.42,72.64,Metanol
714145,2.412,2.310,1.840,25.42,72.70,Metanol
716176,1.793,2.121,1.654,25.42,72.75,Metanol
718207,2.182,2.310,1.809,25.42,72.81,Metanol
720238,2.723,2.292,1.842,25.42,72.85,Metanol
722269,1.961,2.045,1.540,25.42,72.92,Metanol
724300,2.174,2.209,1.896,25.42,72.97,Metanol
726331,2.227,2.232,1.717,25.42,73.02,Metanol
728362,2.407,2.885,2.061,25.42,73.08,Metanol
730393,2.199,2.058,1.776,25.42,73.13,Metanol
732424,2.390,2.479,1.852,25.42,73.18,Metanol
734455,2.470,2.799,2.022,25.42,73.24,Metanol
736486,2.558,2.308,1.826,25.41,73.30,Metanol
738517,2.589,2.736,2.029,25.42,73.34,Metanol
740548,2.527,2.310,1.708,25.42,73.41,Metanol
742579,2.227,2.177,2.040,25.42,73.46,Metanol
744610,2.258,1.967,1.582,25.41,73.53,Metanol
746641,1.950,2.018,1.737,25.42,73.57,Metanol
748672,2.351,2.348,1.856,25.42,73.61,Metanol
750703,2.813,2.945,2.015,25.42,73.67,Metanol
752734,2.197,1.989,1.675,25.41,73.72,Metanol
754765,1.985,2.235,1.555,25.41,73.76,Metanol
756796,2.155,2.313,1.886,25.42,73.82,Metanol
758827,2.297,2.660,1.880,25.41,73.86,Metanol
760858,2.152,1.976,1.561,25.41,73.92,Metanol
762889,2.102,2.192,1.856,25.41,73.93,Metanol
764920,2.255,2.105,1.950,25.41,73.99,Metanol
766951,2.357,2.438,1.858,25.41,74.01,Metanol
768982,2.040,2.061,1.633,25.41,74.09,Metanol
771013,2.018,2.515,1.694,25.41,74.12,Metanol
773044,2.368,2.204,1.761,25.41,74.17,Metanol
775075,2.518,2.255,1.929,25.41,74.22,Metanol
777106,2.157,2.224,1.868,25.41,74.26,Metanol
779137,2.253,2.172,1.838,25.41,74.31,Metanol
781168,2.561,2.795,1.940,25.41,74.35,Metanol
783199,2.224,2.056,1.608,25.41,74.41,Metanol
785230,2.051,2.054,1.780,25.41,74.46,Metanol
787261,2.116,2.300,1.813,25.41,74.49,Metanol
789292,2.313,2.165,1.633,25.41,74.56,Metanol
791323,2.202,2.222,1.805,25.41,74.61,Metanol
793354,2.235,2.192,1.844,25.41,74.65,Metanol
795385,2.527,2.329,1.838,25.41,74.71,Metanol
797416,2.485,2.289,1.769,25.41,74.76,Metanol
799447,2.212,2.289,1.860,25.41,74.80,Metanol
801478,2.070,2.011,1.657,25.41,74.86,Metanol
803509,2.237,2.245,1.900,25.40,74.91,Metanol
805540,2.410,2.530,1.858,25.40,74.94,Metanol
807571,2.365,2.673,1.970,25.40,74.99,Metanol
809602,2.157,2.058,1.669,25.40,75.04,Metanol
811633,2.430,2.384,2.000,25.40,75.09,Metanol
813664,1.963,2.063,1.773,25.40,75.12,Metanol
815695,2.602,2.709,1.929,25.40,75.18,Metanol
817726,2.987,2.268,1.708,25.40,75.19,Metanol
819757,2.284,2.321,1.710,25.40,75.22,Metanol
821788,2.646,2.462,1.854,25.40,75.25,Metanol
823819,2.459,2.733,2.093,25.40,75.26,Metanol
825850,2.305,1.872,1.799,25.40,75.30,Metanol
827881,2.430,2.242,1.714,25.40,75.32,Metanol
829912,2.907,2.686,1.892,25.40,75.35,Metanol
831943,2.284,2.379,1.814,25.40,75.38,Metanol
833974,2.102,1.996,1.886,25.39,75.40,Metanol
836005,2.359,2.564,1.959,25.39,75.43,Metanol
838036,2.337,2.310,1.921,25.40,75.49,Metanol
840067,2.316,2.450,1.832,25.39,75.51,Metanol
842098,2.229,2.324,1.866,25.39,75.54,Metanol
844129,2.598,2.379,1.790,25.39,75.58,Metanol
846160,1.929,1.987,1.678,25.38,75.63,Metanol
848191,2.488,2.736,2.098,25.39,75.65,Metanol
850222,1.892,1.965,1.542,25.39,75.68,Metanol
852253,2.289,2.157,1.925,25.39,75.70,Metanol
854284,2.036,2.444,1.650,25.39,75.73,Metanol
856315,2.337,2.214,1.663,25.38,75.77,Metanol
858346,2.224,2.335,1.748,25.38,75.79,Metanol
860377,2.327,1.908,1.682,25.38,75.83,Metanol
862408,2.340,2.407,1.862,25.38,75.84,Metanol
864439,3.079,2.743,2.145,25.38,75.87,Metanol
866470,2.313,1.950,1.703,25.38,75.90,Metanol
868501,2.212,2.004,1.625,25.38,75.96,Metanol
870532,2.051,2.229,1.627,25.38,75.95,Metanol
872563,2.058,2.242,1.622,25.39,75.99,Metanol
874594,2.070,1.985,1.505,25.38,76.00,Metanol
876625,2.706,3.288,2.384,25.38,76.05,Metanol
878656,2.109,2.086,1.987,25.38,76.07,Metanol
880687,1.963,2.009,1.673,25.38,76.10,Metanol
882718,2.407,2.351,1.852,25.38,76.13,Metanol
884749,2.716,2.736,1.938,25.38,76.16,Metanol
886780,2.018,2.289,1.580,25.38,76.20,Metanol
888811,2.227,2.240,1.778,25.38,76.23,Metanol
890842,2.167,2.666,1.878,25.38,76.25,Metanol
892873,2.187,2.276,1.725,25.38,76.29,Metanol
894904,2.126,2.357,1.769,25.38,76.32,Metanol
896935,2.197,2.351,1.735,25.38,76.37,Metanol
898966,2.222,2.189,1.816,25.38,76.40,Metanol
900997,2.305,2.174,1.931,25.37,76.43,Metanol
903028,2.105,1.790,1.489,25.37,76.47,Metanol
905059,2.444,2.444,1.866,25.38,76.51,Metanol
907090,2.318,2.143,1.896,25.37,76.55,Metanol
909121,2.774,2.656,2.088,25.37,76.58,Metanol
911152,2.027,2.242,1.663,25.37,76.59,Metanol
913183,2.079,2.235,1.963,25.37,76.62,Metanol
915214,2.279,2.387,1.925,25.38,76.65,Metanol
917245,2.179,2.007,1.630,25.37,76.69,Metanol
919276,2.365,2.255,1.756,25.37,76.71,Metanol
921307,2.000,2.145,1.786,25.37,76.75,Metanol
923338,3.124,2.561,1.996,25.37,76.79,Metanol
925369,1.942,2.343,1.540,25.37,76.83,Metanol
927400,2.258,2.189,1.987,25.37,76.86,Metanol
929431,2.162,2.424,2.009,25.36,76.87,Metanol
931462,2.167,1.950,1.630,25.36,76.90,Metanol
933493,2.136,2.379,1.931,25.37,76.92,Metanol
935524,2.327,2.172,1.703,25.37,76.94,Metanol
937555,1.884,1.915,1.480,25.36,76.98,Metanol
939586,2.838,2.049,1.717,25.37,76.98,Metanol
941617,3.209,2.586,2.022,25.36,77.02,Metanol
943648,2.393,2.512,1.754,25.36,77.05,Metanol
945679,2.091,2.027,1.620,25.36,77.04,Metanol
947710,2.316,2.313,1.830,25.36,77.06,Metanol
949741,2.297,2.300,2.013,25.36,77.04,Metanol
951772,2.040,2.102,1.880,25.36,77.07,Metanol
953803,2.450,2.204,1.915,25.36,77.07,Metanol
955834,2.418,2.109,1.915,25.36,77.07,Metanol
957865,2.281,2.235,1.774,25.36,77.11,Metanol
959896,2.177,2.250,1.613,25.36,77.15,Metanol
961927,1.898,1.952,1.694,25.36,77.14,Metanol
963958,1.991,2.133,1.587,25.36,77.18,Metanol
965989,2.013,2.140,1.575,25.36,77.21,Metanol
968020,1.946,1.940,1.523,25.36,77.24,Metanol
970051,2.155,1.868,1.567,25.36,77.26,Metanol
972082,3.622,2.165,1.882,25.36,77.28,Metanol
974113,2.753,3.292,2.165,25.36,77.30,Metanol
976144,2.292,2.095,1.935,25.36,77.34,Metanol
978175,2.407,2.170,1.866,25.35,77.36,Metanol
980206,2.337,2.297,1.767,25.35,77.37,Metanol
982237,1.848,2.095,1.630,25.35,77.42,Metanol
984268,2.878,3.103,2.128,25.35,77.43,Metanol
986299,2.084,1.976,1.728,25.35,77.46,Metanol
988330,2.335,2.470,1.782,25.34,77.47,Metanol
990361,2.081,1.870,1.548,25.34,77.50,Metanol
992392,2.224,2.412,1.902,25.34,77.52,Metanol
994423,1.991,2.207,1.657,25.34,77.54,Metanol
996454,2.263,2.273,1.985,25.34,77.56,Metanol
998485,2.281,2.370,1.750,25.34,77.57,Metanol
1000516,2.820,2.447,1.848,25.34,77.58,Metanol
1002547,2.401,2.276,1.732,25.34,77.61,Metanol
1004578,2.133,2.013,1.776,25.34,77.60,Metanol
1006609,2.586,2.266,1.668,25.34,77.63,Metanol
1008640,2.011,2.167,1.836,25.33,77.64,Metanol
1010671,2.263,2.157,1.793,25.33,77.66,Metanol
1012702,2.182,1.929,1.728,25.33,77.69,Metanol
1014733,2.430,2.494,1.892,25.33,77.71,Metanol
1016764,1.972,2.098,1.886,25.33,77.73,Metanol
1018795,2.077,2.124,1.874,25.33,77.72,Metanol
1020826,2.479,2.482,1.705,25.33,77.72,Metanol
1022857,2.348,2.427,1.745,25.32,77.75,Metanol
1024888,2.421,2.362,1.780,25.32,77.75,Metanol
1026919,2.427,2.227,1.801,25.32,77.74,Metanol
1028950,2.308,2.232,1.759,25.32,77.73,Metanol
1030981,1.809,2.207,1.575,25.32,77.73,Metanol
1033012,2.287,2.124,1.719,25.31,77.73,Metanol
1035043,2.660,2.536,1.793,25.31,77.72,Metanol
1037074,2.384,1.976,1.761,25.31,77.74,Metanol
1039105,2.332,2.479,1.850,25.31,77.71,Metanol
1041136,2.418,2.669,2.015,25.31,77.72,Metanol
1043167,2.324,2.308,1.784,25.31,77.69,Metanol
1045198,2.207,2.379,1.683,25.31,77.67,Metanol
1047229,2.316,2.260,1.915,25.31,77.67,Metanol
1049260,2.091,2.242,1.852,25.31,77.66,Metanol
1051291,1.955,1.998,1.551,25.31,77.65,Metanol
1053322,2.268,2.192,1.846,25.31,77.64,Metanol
1055353,1.948,2.202,1.838,25.31,77.63,Metanol
1057384,2.084,2.184,1.935,25.31,77.62,Metanol
1059415,3.034,2.567,1.805,25.31,77.63,Metanol
1061446,2.459,2.289,1.878,25.31,77.62,Metanol
1063477,2.310,2.357,1.967,25.31,77.61,Metanol
1065508,2.284,2.424,1.890,25.30,77.62,Metanol
1067539,2.473,2.464,1.644,25.30,77.62,Metanol
1069570,2.086,2.058,1.553,25.30,77.62,Metanol
1071601,1.931,2.143,1.567,25.30,77.63,Metanol
1073632,2.232,2.112,1.615,25.30,77.65,Metanol
1075663,2.077,2.157,1.592,25.30,77.64,Metanol
1077694,2.444,2.136,1.637,25.30,77.65,Metanol
1079725,2.589,2.335,1.725,25.30,77.64,Metanol
1081756,2.441,2.162,1.793,25.30,77.65,Metanol
1083787,2.054,2.067,1.838,25.30,77.65,Metanol
1085818,2.266,2.204,1.935,25.30,77.64,Metanol
1087849,2.189,2.207,1.963,25.30,77.65,Metanol
1089880,2.093,2.373,1.844,25.30,77.65,Metanol
1091911,2.222,2.390,1.935,25.30,77.65,Metanol
1093942,2.308,2.020,1.830,25.30,77.66,Metanol
1095973,2.152,2.047,1.790,25.30,77.69,Metanol
1098004,1.961,2.038,1.765,25.30,77.68,Metanol
1100035,2.167,2.494,1.983,25.29,77.70,Metanol
1102066,2.131,2.148,1.719,25.30,77.70,Metanol
1104097,2.217,2.255,1.743,25.30,77.71,Metanol
1106128,2.242,2.165,1.795,25.29,77.75,Metanol
1108159,2.224,2.020,1.745,25.29,77.74,Metanol
1110190,2.054,1.987,1.637,25.29,77.76,Metanol
1112221,2.421,2.088,2.024,25.29,77.77,Metanol
1114252,2.255,2.165,2.009,25.29,77.79,Metanol
1116283,2.427,3.530,2.253,25.29,77.82,Metanol
1118314,2.435,2.027,1.668,25.29,77.82,Metanol
1120345,2.036,2.143,1.620,25.29,77.83,Metanol
1122376,2.260,2.247,1.652,25.29,77.85,Metanol
1124407,2.503,2.237,1.807,25.29,77.83,Metanol
1126438,2.441,2.148,1.946,25.29,77.84,Metanol
1128469,2.214,2.109,1.803,25.29,77.87,Metanol
1130500,2.464,2.263,1.813,25.28,77.86,Metanol
1132531,2.150,2.235,1.567,25.29,77.88,Metanol
1134562,2.926,2.771,2.029,25.29,77.90,Metanol
1136593,2.138,2.157,1.834,25.29,77.89,Metanol
1138624,1.976,2.182,1.622,25.28,77.89,Metanol
1140655,2.002,2.271,1.791,25.29,77.91,Metanol
1142686,1.923,2.013,1.539,25.29,77.93,Metanol
1144717,2.224,2.086,1.993,25.28,77.94,Metanol
1146748,2.091,2.245,1.714,25.28,77.95,Metanol
1148779,2.167,2.276,1.872,25.28,77.96,Metanol
1150810,2.573,3.034,2.170,25.28,77.99,Metanol
1152841,2.145,1.836,1.595,25.28,78.01,Metanol
1154872,1.844,2.029,1.590,25.28,78.03,Metanol
1156903,2.011,2.015,1.612,25.27,78.06,Metanol
1158934,2.467,2.143,1.752,25.28,78.08,Metanol
1160965,2.893,2.124,1.807,25.28,78.09,Metanol
1162996,2.558,2.276,1.682,25.27,78.12,Metanol
1165027,2.000,1.868,1.683,25.27,78.14,Metanol
1167058,2.515,2.297,1.678,25.27,78.18,Metanol
1169089,2.170,1.970,1.952,25.27,78.19,Metanol
1171120,3.083,3.116,2.340,25.28,78.19,Metanol
1173151,1.980,2.102,1.580,25.28,78.22,Metanol
1175182,2.376,2.384,1.714,25.27,78.19,Metanol
1177213,2.580,2.015,1.830,25.27,78.21,Metanol
1179244,2.011,2.247,1.940,25.27,78.23,Metanol
1181275,2.018,2.047,1.950,25.27,78.23,Metanol
1183306,2.258,2.346,1.809,25.27,78.25,Metanol
1185337,2.410,2.357,1.848,25.27,78.25,Metanol
1187368,2.279,2.091,1.752,25.27,78.26,Metanol
1189399,2.373,1.786,1.659,25.27,78.27,Metanol
1191430,2.453,2.788,2.086,25.27,78.28,Metanol
1193461,2.379,2.011,1.659,25.27,78.30,Metanol
1195492,2.351,2.287,1.795,25.27,78.31,Metanol
1197523,2.450,2.583,1.870,25.27,78.32,Metanol
1199554,2.281,2.273,1.797,25.26,78.36,Metanol
1201585,2.105,2.232,1.712,25.27,78.36,Metanol
1203616,1.998,2.212,1.597,25.26,78.37,Metanol
1205647,1.935,2.421,1.652,25.26,78.37,Metanol
1207678,2.407,2.318,1.858,25.26,78.43,Metanol
1209709,2.194,2.013,1.884,25.26,78.40,Metanol
1211740,2.459,2.348,1.721,25.26,78.43,Metanol
1213771,2.555,2.871,2.049,25.26,78.44,Metanol
1215802,1.921,2.100,1.566,25.26,78.44,Metanol
1217833,2.167,2.321,1.840,25.26,78.44,Metanol
1219864,2.764,2.922,2.162,25.26,78.44,Metanol
1221895,2.224,2.387,1.730,25.26,78.45,Metanol
1223926,1.980,2.086,2.024,25.26,78.47,Metanol
1225957,3.456,2.653,1.959,25.26,78.47,Metanol
1227988,1.923,2.056,1.622,25.26,78.47,Metanol
1230019,2.424,2.415,1.788,25.26,78.48,Metanol
1232050,2.527,2.093,1.854,25.26,78.50,Metanol
1234081,2.427,2.102,1.797,25.26,78.52,Metanol
1236112,2.627,2.281,1.933,25.26,78.54,Metanol
1238143,2.368,2.165,1.844,25.26,78.55,Metanol
1240174,2.387,2.390,1.730,25.26,78.58,Metanol
1242205,2.410,2.518,1.870,25.26,78.61,Metanol
1244236,2.128,2.145,1.737,25.25,78.61,Metanol
1246267,2.709,2.027,1.630,25.26,78.63,Metanol
1248298,2.390,2.824,2.018,25.26,78.63,Metanol
1250329,1.836,1.712,1.852,25.26,78.65,Metanol
1252360,2.177,2.250,1.705,25.26,78.66,Metanol
1254391,2.316,2.637,1.698,25.25,78.68,Metanol
86566,2.387,2.473,2.036,25.18,79.62,Recuperacao1
88597,2.174,2.365,1.927,25.18,79.43,Recuperacao1
90628,2.294,2.542,1.902,25.18,79.23,Recuperacao1
92659,2.250,2.438,1.748,25.17,79.03,Recuperacao1
94690,2.327,2.109,1.563,25.17,78.84,Recuperacao1
96721,2.150,2.170,1.551,25.17,78.63,Recuperacao1
98752,2.020,2.124,1.550,25.16,78.41,Recuperacao1
100783,2.222,2.373,1.752,25.16,78.19,Recuperacao1
102814,2.300,2.140,1.758,25.16,77.97,Recuperacao1
104845,2.771,2.637,1.746,25.16,77.75,Recuperacao1
106876,2.093,2.084,1.864,25.15,77.53,Recuperacao1
108907,2.047,2.067,1.574,25.15,77.33,Recuperacao1
110938,2.524,2.470,1.860,25.15,77.14,Recuperacao1
112969,2.074,2.165,1.752,25.15,76.98,Recuperacao1
115000,2.143,2.212,1.788,25.14,76.78,Recuperacao1
117031,2.318,2.217,1.868,25.14,76.58,Recuperacao1
119062,2.390,2.624,1.856,25.14,76.40,Recuperacao1
121093,2.072,2.199,1.961,25.13,76.22,Recuperacao1
123124,2.359,2.194,1.904,25.13,76.07,Recuperacao1
125155,2.415,2.453,1.721,25.13,75.87,Recuperacao1
127186,2.133,2.126,1.600,25.13,75.72,Recuperacao1
129217,1.976,2.165,1.545,25.13,75.54,Recuperacao1
131248,2.260,2.128,1.832,25.12,75.38,Recuperacao1
133279,2.479,2.421,1.678,25.12,75.22,Recuperacao1
135310,2.160,2.441,1.842,25.12,75.03,Recuperacao1
137341,1.989,2.112,1.566,25.12,74.87,Recuperacao1
139372,2.011,2.321,1.870,25.12,74.74,Recuperacao1
141403,2.045,2.136,1.584,25.12,74.55,Recuperacao1
143434,2.240,2.136,1.870,25.11,74.39,Recuperacao1
145465,2.184,1.980,1.678,25.11,74.25,Recuperacao1
147496,2.119,2.332,1.878,25.11,74.10,Recuperacao1
149527,1.961,2.199,1.590,25.10,73.94,Recuperacao1
151558,2.143,2.362,1.870,25.10,73.81,Recuperacao1
153589,3.162,3.087,1.989,25.10,73.66,Recuperacao1
155620,2.438,2.297,1.809,25.10,73.55,Recuperacao1
157651,2.683,3.417,2.224,25.10,73.39,Recuperacao1
159682,2.305,2.324,1.978,25.09,73.24,Recuperacao1
161713,2.767,2.630,1.963,25.09,73.11,Recuperacao1
163744,2.015,2.143,1.569,25.09,72.99,Recuperacao1
165775,2.194,2.343,1.730,25.09,72.86,Recuperacao1
167806,3.403,2.693,1.876,25.09,72.75,Recuperacao1
169837,2.091,2.081,1.719,25.08,72.60,Recuperacao1
171868,2.128,2.393,1.860,25.08,72.47,Recuperacao1
173899,2.308,2.202,1.933,25.08,72.33,Recuperacao1
175930,3.226,2.919,2.318,25.08,72.22,Recuperacao1
177961,2.368,2.260,1.725,25.07,72.10,Recuperacao1
179992,2.232,2.318,1.848,25.07,71.96,Recuperacao1
182023,2.767,2.255,1.791,25.07,71.86,Recuperacao1
184054,2.512,2.398,1.838,25.07,71.71,Recuperacao1
186085,2.086,2.204,1.900,25.06,71.61,Recuperacao1
188116,2.545,2.634,2.074,25.06,71.49,Recuperacao1
190147,2.778,3.162,2.245,25.06,71.36,Recuperacao1
192178,2.329,2.683,2.024,25.06,71.25,Recuperacao1
194209,2.430,2.335,1.769,25.06,71.14,Recuperacao1
196240,3.471,2.867,1.970,25.05,70.99,Recuperacao1
198271,2.412,2.212,1.723,25.06,70.89,Recuperacao1
200302,2.042,2.007,1.858,25.05,70.75,Recuperacao1
202333,2.945,3.107,2.199,25.05,70.64,Recuperacao1
204364,2.160,2.237,1.675,25.05,70.52,Recuperacao1
206395,2.133,2.058,1.793,25.04,70.41,Recuperacao1
208426,3.187,3.398,2.162,25.05,70.30,Recuperacao1
210457,2.310,2.459,1.880,25.04,70.21,Recuperacao1
212488,2.300,2.696,2.058,25.04,70.10,Recuperacao1
214519,2.346,2.253,1.625,25.03,69.99,Recuperacao1
216550,2.387,2.318,1.797,25.03,69.90,Recuperacao1
218581,2.410,2.128,1.752,25.04,69.78,Recuperacao1
220612,2.479,2.268,1.836,25.03,69.69,Recuperacao1
222643,2.145,2.302,1.735,25.03,69.59,Recuperacao1
224674,2.373,2.387,1.935,25.03,69.47,Recuperacao1
226705,2.576,3.297,2.058,25.03,69.40,Recuperacao1
228736,2.240,1.983,1.593,25.03,69.25,Recuperacao1
230767,2.318,2.415,1.694,25.03,69.15,Recuperacao1
232798,2.219,2.119,1.683,25.03,69.05,Recuperacao1
234829,2.602,3.596,2.155,25.03,68.94,Recuperacao1
236860,2.202,2.365,1.919,25.02,68.85,Recuperacao1
238891,2.047,2.348,1.902,25.02,68.74,Recuperacao1
240922,2.143,1.878,1.645,25.02,68.64,Recuperacao1
242953,2.047,2.415,1.826,25.01,68.55,Recuperacao1
244984,2.040,2.081,1.726,25.01,68.47,Recuperacao1
247015,2.379,2.564,1.935,25.00,68.36,Recuperacao1
249046,2.407,2.310,1.965,25.00,68.25,Recuperacao1
251077,2.627,2.308,1.678,25.00,68.17,Recuperacao1
253108,2.136,2.573,1.791,25.00,68.08,Recuperacao1
255139,2.335,2.240,1.801,25.00,67.96,Recuperacao1
257170,2.232,2.047,1.528,25.00,67.87,Recuperacao1
259201,2.441,2.771,2.009,24.99,67.77,Recuperacao1
261232,2.152,2.174,1.610,25.00,67.69,Recuperacao1
263263,1.919,2.109,1.771,24.99,67.59,Recuperacao1
265294,2.279,2.235,1.803,24.99,67.50,Recuperacao1
267325,2.112,2.174,1.612,25.00,67.40,Recuperacao1
269356,2.321,2.464,1.961,24.99,67.32,Recuperacao1
271387,2.237,2.368,1.878,24.99,67.23,Recuperacao1
273418,3.244,2.521,2.002,24.99,67.14,Recuperacao1
275449,2.165,2.370,1.809,24.99,67.07,Recuperacao1
277480,2.038,2.412,1.746,24.98,66.97,Recuperacao1
279511,3.505,3.200,2.232,24.98,66.88,Recuperacao1
281542,2.281,2.172,1.763,24.97,66.81,Recuperacao1
283573,1.904,2.182,1.577,24.97,66.70,Recuperacao1
285604,2.467,2.433,2.047,24.97,66.63,Recuperacao1
287635,2.042,2.404,1.703,24.97,66.52,Recuperacao1
289666,2.219,2.949,1.967,24.98,66.48,Recuperacao1
291697,2.515,2.250,1.758,24.99,66.44,Recuperacao1
293728,2.036,1.991,1.523,24.99,66.37,Recuperacao1
295759,2.410,2.509,2.029,24.99,66.30,Recuperacao1
297790,2.387,2.109,1.814,24.98,66.21,Recuperacao1
299821,2.689,2.067,1.600,24.98,66.14,Recuperacao1
301852,2.172,2.524,1.750,24.98,66.09,Recuperacao1
303883,1.978,1.952,1.580,24.97,65.99,Recuperacao1
305914,2.074,2.637,1.860,24.97,65.93,Recuperacao1
307945,2.401,2.192,1.663,24.97,65.86,Recuperacao1
309976,2.276,2.497,1.791,24.96,65.77,Recuperacao1
312007,2.227,2.576,1.691,24.96,65.68,Recuperacao1
314038,2.573,2.980,2.107,24.97,65.61,Recuperacao1
316069,2.509,2.131,1.813,24.96,65.52,Recuperacao1
318100,2.209,2.072,1.593,24.95,65.43,Recuperacao1
320131,2.552,2.214,1.832,24.95,65.34,Recuperacao1
322162,2.179,2.027,1.579,24.95,65.29,Recuperacao1
324193,2.128,1.880,1.848,24.95,65.18,Recuperacao1
326224,2.179,2.340,1.790,24.95,65.11,Recuperacao1
328255,2.310,2.165,1.870,24.95,65.01,Recuperacao1
330286,3.107,2.384,1.919,24.95,64.93,Recuperacao1
332317,2.250,2.095,1.756,24.95,64.84,Recuperacao1
334348,2.088,2.396,1.894,24.94,64.76,Recuperacao1
336379,2.863,2.065,1.927,24.94,64.68,Recuperacao1
338410,2.219,2.382,1.730,24.94,64.62,Recuperacao1
340441,2.343,2.384,1.952,24.94,64.54,Recuperacao1
342472,2.915,2.852,1.904,24.93,64.48,Recuperacao1
344503,2.479,2.473,1.793,24.94,64.45,Recuperacao1
346534,2.263,2.300,1.846,24.94,64.41,Recuperacao1
348565,2.054,2.031,1.628,24.93,64.35,Recuperacao1
350596,2.184,2.042,1.852,24.92,64.29,Recuperacao1
352627,2.482,2.167,1.640,24.91,64.22,Recuperacao1
354658,2.047,1.933,1.714,24.91,64.16,Recuperacao1
356689,2.056,2.114,1.575,24.91,64.09,Recuperacao1
358720,2.640,2.813,2.081,24.90,64.04,Recuperacao1
360751,2.102,2.024,1.633,24.90,63.98,Recuperacao1
362782,2.289,2.305,1.858,24.91,63.92,Recuperacao1
364813,1.944,1.888,1.612,24.90,63.87,Recuperacao1
366844,2.365,1.913,1.608,24.90,63.81,Recuperacao1
368875,3.520,2.896,1.921,24.90,63.73,Recuperacao1
370906,2.346,2.602,1.933,24.90,63.66,Recuperacao1
372937,2.197,2.229,1.714,24.89,63.60,Recuperacao1
374968,2.447,2.124,1.809,24.89,63.56,Recuperacao1
376999,2.302,2.494,1.824,24.89,63.47,Recuperacao1
379030,2.209,1.996,1.675,24.89,63.41,Recuperacao1
381061,2.576,2.911,2.013,24.89,63.36,Recuperacao1
383092,2.335,2.162,1.906,24.88,63.28,Recuperacao1
385123,2.893,2.699,1.980,24.88,63.20,Recuperacao1
387154,2.316,2.253,1.721,24.87,63.13,Recuperacao1
389185,2.564,2.605,2.172,24.87,63.06,Recuperacao1
391216,1.921,2.373,1.588,24.87,63.02,Recuperacao1
393247,2.279,2.184,1.946,24.87,62.96,Recuperacao1
395278,2.368,1.805,1.644,24.87,62.85,Recuperacao1
397309,2.138,2.128,1.890,24.87,62.77,Recuperacao1
399340,1.832,2.029,1.515,24.87,62.70,Recuperacao1
401371,2.354,2.634,1.998,24.86,62.64,Recuperacao1
403402,2.401,2.464,1.759,24.86,62.57,Recuperacao1
405433,2.686,3.446,2.266,24.86,62.50,Recuperacao1
407464,2.412,2.564,1.858,24.86,62.43,Recuperacao1
409495,2.112,2.412,1.870,24.85,62.35,Recuperacao1
411526,2.595,2.666,1.816,24.85,62.30,Recuperacao1
413557,2.564,3.432,2.143,24.85,62.23,Recuperacao1
415588,2.634,2.841,2.040,24.85,62.17,Recuperacao1
417619,2.450,2.207,1.976,24.84,62.10,Recuperacao1
419650,2.242,2.305,1.725,24.84,62.04,Recuperacao1
421681,2.263,2.174,1.832,24.84,61.95,Recuperacao1
423712,2.121,2.204,1.763,24.84,61.89,Recuperacao1
425743,2.128,2.284,1.666,24.84,61.82,Recuperacao1
427774,2.401,2.683,2.167,24.84,61.76,Recuperacao1
429805,2.459,2.410,1.944,24.83,61.69,Recuperacao1
431836,2.351,2.219,1.676,24.83,61.63,Recuperacao1
433867,2.266,2.192,1.778,24.83,61.61,Recuperacao1
435898,2.359,2.143,1.671,24.83,61.51,Recuperacao1
437929,2.284,2.337,1.852,24.83,61.45,Recuperacao1
439960,3.712,2.809,1.938,24.83,61.39,Recuperacao1
441991,2.000,2.227,1.628,24.83,61.33,Recuperacao1
444022,2.024,2.157,1.622,24.82,61.26,Recuperacao1
446053,2.346,2.503,1.788,24.82,61.21,Recuperacao1
448084,2.247,2.318,1.717,24.82,61.16,Recuperacao1
450115,2.318,2.382,1.734,24.82,61.08,Recuperacao1
452146,2.273,2.121,1.741,24.82,61.03,Recuperacao1
454177,2.279,2.047,1.756,24.82,60.99,Recuperacao1
456208,2.212,2.415,1.741,24.82,60.95,Recuperacao1
458239,2.373,2.232,1.745,24.81,60.89,Recuperacao1
460270,2.595,2.602,1.828,24.81,60.89,Recuperacao1
462301,2.088,2.160,1.707,24.81,60.80,Recuperacao1
464332,2.558,2.433,1.904,24.81,60.74,Recuperacao1
466363,2.351,2.421,1.908,24.80,60.69,Recuperacao1
468394,2.107,2.321,1.989,24.80,60.68,Recuperacao1
470425,2.271,2.242,2.031,24.80,60.59,Recuperacao1
472456,2.453,2.614,1.759,24.80,60.55,Recuperacao1
474487,2.485,2.470,1.848,24.80,60.52,Recuperacao1
476518,2.564,2.467,2.054,24.80,60.47,Recuperacao1
478549,3.149,3.745,2.197,24.79,60.43,Recuperacao1
480580,2.207,2.263,1.597,24.79,60.38,Recuperacao1
482611,2.240,2.482,1.707,24.79,60.34,Recuperacao1
484642,2.545,2.598,2.162,24.79,60.29,Recuperacao1
486673,2.370,2.192,1.725,24.79,60.27,Recuperacao1
488704,3.495,3.153,1.965,24.78,60.24,Recuperacao1
490735,2.524,2.343,1.814,24.79,60.18,Recuperacao1
492766,2.802,2.676,2.116,24.78,60.13,Recuperacao1
494797,2.351,1.872,1.580,24.78,60.08,Recuperacao1
496828,1.946,2.174,1.588,24.78,60.06,Recuperacao1
498859,1.842,1.940,1.556,24.78,60.01,Recuperacao1
500890,3.601,2.813,2.124,24.78,59.96,Recuperacao1
502921,2.289,2.207,1.739,24.78,59.91,Recuperacao1
504952,3.071,2.165,1.758,24.78,59.88,Recuperacao1
506983,2.219,2.595,1.708,24.78,59.83,Recuperacao1
509014,2.337,2.258,1.944,24.78,59.76,Recuperacao1
511045,2.300,2.634,1.940,24.78,59.69,Recuperacao1
513076,2.926,3.230,2.138,24.78,59.64,Recuperacao1
515107,3.417,3.292,2.379,24.78,59.60,Recuperacao1
517138,2.845,2.976,2.155,24.78,59.55,Recuperacao1
519169,2.834,3.555,2.204,24.78,59.48,Recuperacao1
521200,2.294,2.614,1.931,24.78,59.43,Recuperacao1
523231,2.407,2.570,1.987,24.78,59.40,Recuperacao1
525262,2.602,2.813,1.915,24.78,59.32,Recuperacao1
527293,3.840,2.915,2.294,24.77,59.28,Recuperacao1
529324,2.088,2.189,1.818,24.78,59.21,Recuperacao1
531355,2.219,2.418,1.917,24.77,59.19,Recuperacao1
533386,2.187,2.300,1.748,24.77,59.12,Recuperacao1
535417,2.237,2.095,1.712,24.77,59.11,Recuperacao1
537448,2.885,3.669,2.133,24.77,59.03,Recuperacao1
539479,2.750,2.980,2.121,24.77,58.98,Recuperacao1
541510,2.852,3.653,2.217,24.77,58.93,Recuperacao1
543541,2.245,1.933,1.534,24.77,58.90,Recuperacao1
545572,2.192,2.396,1.737,24.77,58.83,Recuperacao1
547603,2.509,2.354,1.900,24.77,58.77,Recuperacao1
549634,2.281,2.229,1.919,24.77,58.73,Recuperacao1
551665,2.646,2.757,1.976,24.76,58.69,Recuperacao1
553696,2.802,2.438,1.890,24.76,58.66,Recuperacao1
555727,1.805,2.042,1.584,24.77,58.59,Recuperacao1
557758,2.018,2.240,1.645,24.76,58.55,Recuperacao1
559789,1.993,2.165,1.759,24.76,58.48,Recuperacao1
561820,1.998,1.894,1.522,24.76,58.46,Recuperacao1
563851,2.953,3.257,2.253,24.75,58.40,Recuperacao1
565882,2.318,2.224,1.814,24.74,58.35,Recuperacao1
567913,2.464,2.237,1.618,24.74,58.32,Recuperacao1
569944,2.281,2.160,1.784,24.74,58.27,Recuperacao1
571975,2.415,2.753,2.079,24.74,58.24,Recuperacao1
574006,2.162,2.009,1.607,24.74,58.21,Recuperacao1
576037,2.382,2.084,1.728,24.73,58.14,Recuperacao1
578068,2.292,2.412,1.913,24.73,58.11,Recuperacao1
580099,1.876,2.121,1.567,24.73,58.05,Recuperacao1
582130,2.184,2.162,1.714,24.73,58.00,Recuperacao1
584161,3.091,3.170,2.187,24.73,57.97,Recuperacao1
586192,2.479,2.335,1.746,24.73,57.92,Recuperacao1
588223,2.354,2.580,1.946,24.72,57.90,Recuperacao1
590254,2.820,2.318,1.942,24.72,57.83,Recuperacao1
592285,2.100,2.194,1.685,24.72,57.78,Recuperacao1
594316,2.494,2.340,1.703,24.72,57.76,Recuperacao1
596347,2.365,2.552,1.925,24.71,57.70,Recuperacao1
598378,2.500,2.834,1.974,24.72,57.68,Recuperacao1
600409,3.128,3.333,2.160,24.72,57.66,Recuperacao1
602440,2.015,1.940,1.480,24.71,57.60,Recuperacao1
604471,2.079,2.214,1.923,24.71,57.58,Recuperacao1
606502,2.184,3.120,2.047,24.71,57.54,Recuperacao1
608533,2.258,2.500,1.691,24.71,57.53,Recuperacao1
610564,2.743,2.390,1.741,24.71,57.47,Recuperacao1
612595,2.305,2.393,1.880,24.72,57.45,Recuperacao1
614626,2.174,2.583,1.957,24.71,57.43,Recuperacao1
616657,2.207,2.444,1.759,24.71,57.38,Recuperacao1
618688,2.500,3.520,2.189,24.71,57.33,Recuperacao1
620719,1.948,1.866,1.489,24.71,57.29,Recuperacao1
622750,2.398,2.393,1.730,24.71,57.26,Recuperacao1
624781,2.284,2.177,1.822,24.70,57.21,Recuperacao1
626812,2.362,2.384,1.784,24.70,57.16,Recuperacao1
628843,2.473,2.131,1.548,24.70,57.12,Recuperacao1
630874,2.177,2.260,1.803,24.70,57.08,Recuperacao1
632905,2.170,2.321,1.759,24.70,57.04,Recuperacao1
634936,2.114,2.107,1.719,24.70,57.00,Recuperacao1
636967,2.450,1.957,1.799,24.69,56.97,Recuperacao1
638998,2.199,1.983,1.732,24.69,56.93,Recuperacao1
641029,2.214,1.989,1.756,24.69,56.89,Recuperacao1
643060,2.482,2.476,2.029,24.69,56.87,Recuperacao1
645091,2.567,2.900,1.972,24.69,56.82,Recuperacao1
647122,2.867,3.988,2.227,24.68,56.80,Recuperacao1
649153,1.880,1.874,1.587,24.68,56.74,Recuperacao1
651184,2.187,2.112,1.741,24.68,56.73,Recuperacao1
653215,2.346,2.716,1.940,24.68,56.68,Recuperacao1
655246,3.446,2.482,1.910,24.68,56.64,Recuperacao1
657277,2.217,1.852,1.512,24.68,56.63,Recuperacao1
659308,1.965,1.935,1.539,24.68,56.58,Recuperacao1
661339,3.306,2.885,2.049,24.67,56.54,Recuperacao1
663370,2.335,2.148,1.894,24.67,56.50,Recuperacao1
665401,2.696,2.217,1.803,24.67,56.48,Recuperacao1
667432,3.174,2.911,1.950,24.67,56.46,Recuperacao1
669463,2.284,2.179,1.741,24.67,56.45,Recuperacao1
671494,3.611,2.831,2.294,24.67,56.42,Recuperacao1
673525,2.240,2.197,1.649,24.67,56.38,Recuperacao1
675556,2.242,2.660,1.795,24.67,56.34,Recuperacao1
677587,3.669,2.266,1.970,24.66,56.29,Recuperacao1
679618,2.242,2.204,1.590,24.66,56.27,Recuperacao1
681649,2.148,2.302,1.803,24.66,56.24,Recuperacao1
683680,2.509,2.430,1.848,24.67,56.21,Recuperacao1
685711,2.856,2.767,2.056,24.66,56.16,Recuperacao1
687742,3.132,2.479,1.856,24.66,56.12,Recuperacao1
689773,1.890,1.967,1.471,24.66,56.09,Recuperacao1
691804,2.184,2.279,1.807,24.66,56.04,Recuperacao1
693835,2.102,2.174,1.927,24.66,56.01,Recuperacao1
695866,2.816,2.321,1.714,24.66,55.96,Recuperacao1
697897,2.444,2.258,1.712,24.66,55.93,Recuperacao1
699928,2.564,2.365,1.946,24.66,55.88,Recuperacao1
701959,2.284,1.898,1.698,24.66,55.85,Recuperacao1
703990,2.376,2.447,1.774,24.65,55.80,Recuperacao1
706021,2.365,2.617,1.852,24.65,55.77,Recuperacao1
708052,2.683,2.586,2.157,24.65,55.75,Recuperacao1
710083,2.576,2.202,1.640,24.65,55.73,Recuperacao1
712114,2.184,2.119,1.725,24.64,55.73,Recuperacao1
714145,2.730,3.466,2.160,24.64,55.71,Recuperacao1
716176,2.313,2.237,1.737,24.64,55.70,Recuperacao1
718207,2.598,2.781,2.029,24.64,55.66,Recuperacao1
720238,2.279,2.595,1.654,24.63,55.63,Recuperacao1
722269,2.476,2.281,1.957,24.64,55.59,Recuperacao1
724300,1.998,2.284,1.547,24.64,55.56,Recuperacao1
726331,2.497,2.335,1.850,24.63,55.54,Recuperacao1
728362,2.376,2.182,1.701,24.63,55.51,Recuperacao1
730393,2.332,2.407,1.940,24.63,55.48,Recuperacao1
732424,2.683,3.217,2.271,24.63,55.44,Recuperacao1
734455,2.189,2.217,1.685,24.63,55.41,Recuperacao1
736486,2.643,2.845,2.040,24.63,55.40,Recuperacao1
738517,2.250,2.260,1.595,24.62,55.34,Recuperacao1
740548,2.354,2.415,1.784,24.62,55.31,Recuperacao1
742579,3.451,3.301,2.189,24.62,55.28,Recuperacao1
744610,1.933,2.133,1.559,24.62,55.26,Recuperacao1
746641,2.279,2.305,1.758,24.62,55.20,Recuperacao1
748672,2.433,2.479,1.987,24.62,55.18,Recuperacao1
750703,2.723,2.174,1.801,24.63,55.14,Recuperacao1
752734,2.346,2.421,1.710,24.63,55.13,Recuperacao1
754765,2.079,2.464,1.860,24.63,55.10,Recuperacao1
756796,2.874,3.617,2.013,24.62,55.05,Recuperacao1
758827,1.950,2.029,1.640,24.62,55.01,Recuperacao1
760858,2.359,2.316,1.791,24.62,54.99,Recuperacao1
762889,2.224,2.444,1.758,24.62,54.95,Recuperacao1
764920,3.701,3.427,2.131,24.62,54.91,Recuperacao1
766951,2.335,2.253,1.786,24.62,54.88,Recuperacao1
768982,3.648,2.743,1.935,24.62,54.85,Recuperacao1
771013,1.976,2.384,1.915,24.62,54.81,Recuperacao1
773044,2.284,2.273,1.803,24.61,54.78,Recuperacao1
775075,2.074,2.187,1.615,24.61,54.76,Recuperacao1
777106,3.466,3.988,2.102,24.61,54.72,Recuperacao1
779137,2.133,2.321,1.820,24.61,54.69,Recuperacao1
781168,3.638,3.751,2.276,24.61,54.65,Recuperacao1
783199,2.209,2.255,1.725,24.62,54.62,Recuperacao1
785230,2.253,2.155,1.732,24.61,54.59,Recuperacao1
787261,2.273,2.415,1.917,24.61,54.58,Recuperacao1
789292,2.390,2.676,1.921,24.61,54.52,Recuperacao1
791323,2.757,2.470,2.029,24.60,54.48,Recuperacao1
793354,2.503,2.938,2.031,24.61,54.43,Recuperacao1
795385,2.896,3.091,2.140,24.61,54.41,Recuperacao1
797416,3.451,3.007,1.946,24.61,54.37,Recuperacao1
799447,2.138,2.160,1.386,24.61,54.36,Recuperacao1
801478,2.427,2.467,1.828,24.61,54.32,Recuperacao1
803509,2.427,2.418,2.024,24.61,54.28,Recuperacao1
805540,2.500,2.359,1.834,24.61,54.27,Recuperacao1
807571,2.852,3.456,2.121,24.61,54.26,Recuperacao1
809602,2.207,2.107,1.832,24.61,54.22,Recuperacao1
811633,2.232,2.255,1.666,24.61,54.21,Recuperacao1
813664,3.910,2.673,1.814,24.60,54.17,Recuperacao1
815695,2.172,2.300,1.864,24.61,54.14,Recuperacao1
817726,2.061,2.287,1.657,24.61,54.10,Recuperacao1
819757,2.709,2.736,2.061,24.60,54.10,Recuperacao1
821788,2.170,2.258,1.678,24.60,54.08,Recuperacao1
823819,3.157,3.675,2.222,24.60,54.05,Recuperacao1
825850,2.271,2.022,1.784,24.61,54.00,Recuperacao1
827881,2.007,2.150,1.572,24.61,53.95,Recuperacao1
829912,2.157,2.260,1.976,24.60,53.94,Recuperacao1
831943,2.310,2.292,1.705,24.60,53.92,Recuperacao1
833974,2.871,2.595,2.093,24.60,53.87,Recuperacao1
836005,2.174,2.162,1.585,24.60,53.83,Recuperacao1
838036,2.462,2.494,1.858,24.61,53.82,Recuperacao1
840067,2.867,3.320,2.266,24.60,53.77,Recuperacao1
842098,2.077,1.996,1.666,24.60,53.73,Recuperacao1
844129,2.362,2.227,1.765,24.60,53.73,Recuperacao1
846160,2.764,4.037,2.276,24.60,53.68,Recuperacao1
848191,2.415,2.337,1.818,24.60,53.66,Recuperacao1
850222,3.446,3.922,2.204,24.60,53.63,Recuperacao1
852253,2.340,2.070,1.850,24.59,53.59,Recuperacao1
854284,2.095,2.222,1.676,24.59,53.60,Recuperacao1
856315,2.240,2.229,1.927,24.59,53.55,Recuperacao1
858346,2.447,2.788,1.942,24.59,53.52,Recuperacao1
860377,2.179,1.991,1.536,24.59,53.50,Recuperacao1
862408,2.199,2.247,1.657,24.59,53.51,Recuperacao1
864439,2.140,2.401,1.707,24.60,53.46,Recuperacao1
866470,2.346,2.170,1.886,24.60,53.42,Recuperacao1
868501,2.070,2.605,1.902,24.60,53.39,Recuperacao1
870532,2.116,2.105,1.826,24.59,53.37,Recuperacao1
872563,2.072,2.084,1.752,24.59,53.37,Recuperacao1
874594,2.359,2.222,1.761,24.59,53.33,Recuperacao1
876625,2.177,2.145,1.754,24.59,53.30,Recuperacao1
878656,2.276,2.165,1.784,24.58,53.26,Recuperacao1
880687,2.240,2.258,1.692,24.58,53.26,Recuperacao1
882718,2.222,2.410,1.739,24.58,53.23,Recuperacao1
884749,2.086,2.263,1.529,24.58,53.20,Recuperacao1
886780,2.020,2.219,1.701,24.58,53.19,Recuperacao1
888811,2.202,2.595,1.723,24.58,53.17,Recuperacao1
890842,2.204,2.376,1.876,24.58,53.14,Recuperacao1
892873,2.245,2.276,1.623,24.58,53.12,Recuperacao1
894904,2.482,2.595,1.961,24.58,53.09,Recuperacao1
896935,2.255,2.214,1.756,24.58,53.08,Recuperacao1
898966,2.258,2.302,1.750,24.57,53.04,Recuperacao1
900997,2.494,2.258,1.730,24.58,53.01,Recuperacao1
903028,2.421,2.308,1.734,24.58,52.99,Recuperacao1
905059,2.441,2.121,1.705,24.57,52.97,Recuperacao1
907090,2.133,2.124,1.854,24.57,52.99,Recuperacao1
909121,2.354,2.212,2.024,24.57,52.96,Recuperacao1
911152,3.427,2.938,2.065,24.57,52.94,Recuperacao1
913183,2.199,2.187,1.730,24.57,52.89,Recuperacao1
915214,2.126,2.240,1.730,24.57,52.86,Recuperacao1
917245,2.592,2.860,1.978,24.57,52.85,Recuperacao1
919276,3.329,2.820,2.033,24.57,52.82,Recuperacao1
921307,2.882,3.976,2.362,24.57,52.81,Recuperacao1
923338,2.148,2.359,1.816,24.57,52.75,Recuperacao1
925369,2.172,2.133,1.710,24.57,52.75,Recuperacao1
927400,2.663,2.809,1.870,24.57,52.73,Recuperacao1
929431,2.150,2.182,1.654,24.57,52.72,Recuperacao1
931462,2.462,2.627,1.929,24.57,52.70,Recuperacao1
933493,2.157,2.384,1.625,24.56,52.69,Recuperacao1
935524,3.116,3.461,2.194,24.56,52.67,Recuperacao1
937555,2.045,2.485,1.739,24.56,52.63,Recuperacao1
939586,2.209,2.447,1.689,24.56,52.62,Recuperacao1
941617,2.488,2.863,2.148,24.56,52.61,Recuperacao1
943648,2.464,2.351,1.734,24.56,52.56,Recuperacao1
945679,2.368,2.922,2.074,24.56,52.55,Recuperacao1
947710,2.184,2.462,1.826,24.56,52.53,Recuperacao1
949741,2.806,2.911,2.107,24.56,52.50,Recuperacao1
951772,2.305,2.155,1.811,24.56,52.47,Recuperacao1
953803,1.961,2.266,1.698,24.56,52.45,Recuperacao1
955834,3.015,3.213,2.217,24.56,52.42,Recuperacao1
957865,2.327,1.959,1.790,24.56,52.40,Recuperacao1
959896,1.935,2.045,1.553,24.56,52.38,Recuperacao1
961927,2.453,2.589,1.850,24.55,52.34,Recuperacao1
963958,1.913,2.133,1.595,24.56,52.34,Recuperacao1
965989,2.121,2.459,2.027,24.56,52.31,Recuperacao1
968020,2.063,2.065,1.559,24.55,52.33,Recuperacao1
970051,2.820,2.827,2.056,24.55,52.27,Recuperacao1
972082,2.287,2.093,1.838,24.55,52.26,Recuperacao1
974113,2.313,1.963,1.603,24.55,52.25,Recuperacao1
976144,2.558,2.637,2.126,24.55,52.21,Recuperacao1
978175,2.321,2.382,1.759,24.55,52.19,Recuperacao1
980206,2.172,1.927,1.590,24.55,52.17,Recuperacao1
982237,2.663,2.795,2.095,24.55,52.16,Recuperacao1
984268,2.177,2.384,1.870,24.54,52.14,Recuperacao1
986299,2.268,2.131,1.635,24.54,52.15,Recuperacao1
988330,1.952,2.061,1.539,24.54,52.12,Recuperacao1
990361,3.555,2.621,2.079,24.54,52.11,Recuperacao1
992392,2.583,2.764,1.974,24.54,52.09,Recuperacao1
994423,2.387,2.081,1.842,24.54,52.07,Recuperacao1
996454,2.077,2.237,1.680,24.54,52.07,Recuperacao1
998485,2.527,2.802,1.985,24.54,52.05,Recuperacao1
1000516,2.297,2.308,1.694,24.54,52.04,Recuperacao1
1002547,3.505,3.050,1.976,24.54,51.99,Recuperacao1
1004578,2.177,2.091,1.689,24.54,51.96,Recuperacao1
1006609,2.224,1.972,1.588,24.53,51.95,Recuperacao1
1008640,2.663,2.999,2.033,24.53,51.93,Recuperacao1
1010671,2.255,1.957,1.739,24.53,51.90,Recuperacao1
1012702,1.892,2.081,1.518,24.54,51.87,Recuperacao1
1014733,2.643,2.885,1.993,24.54,51.86,Recuperacao1
1016764,2.247,2.194,1.673,24.54,51.86,Recuperacao1
1018795,2.324,2.518,2.167,24.53,51.82,Recuperacao1
1020826,2.194,2.224,1.699,24.53,51.80,Recuperacao1
1022857,2.506,2.592,1.890,24.54,51.77,Recuperacao1
1024888,2.276,2.100,1.805,24.53,51.74,Recuperacao1
1026919,2.945,2.733,1.832,24.53,51.72,Recuperacao1
1028950,2.253,2.255,1.685,24.53,51.72,Recuperacao1
1030981,1.957,2.004,1.465,24.53,51.68,Recuperacao1
1033012,2.354,2.580,2.162,24.53,51.65,Recuperacao1
1035043,2.184,2.020,1.741,24.53,51.63,Recuperacao1
1037074,2.376,2.627,1.692,24.53,51.61,Recuperacao1
1039105,2.412,2.387,1.676,24.53,51.61,Recuperacao1
1041136,2.209,2.128,1.872,24.53,51.57,Recuperacao1
1043167,2.713,3.204,2.222,24.53,51.55,Recuperacao1
1045198,2.058,2.027,1.526,24.53,51.52,Recuperacao1
1047229,2.289,2.253,1.769,24.52,51.49,Recuperacao1
1049260,2.128,2.119,1.880,24.52,51.47,Recuperacao1
1051291,2.390,2.666,1.923,24.52,51.47,Recuperacao1
1053322,2.337,2.778,2.065,24.52,51.46,Recuperacao1
1055353,2.255,2.266,1.745,24.51,51.44,Recuperacao1
1057384,2.359,2.464,1.664,24.51,51.43,Recuperacao1
1059415,2.459,2.736,2.018,24.51,51.42,Recuperacao1
1061446,2.204,2.263,1.691,24.51,51.40,Recuperacao1
1063477,2.197,2.365,1.737,24.51,51.38,Recuperacao1
1065508,3.490,3.370,2.119,24.50,51.36,Recuperacao1
1067539,1.985,2.148,1.628,24.50,51.36,Recuperacao1
1069570,2.302,2.379,1.788,24.50,51.34,Recuperacao1
1071601,2.287,2.268,1.870,24.51,51.32,Recuperacao1
1073632,2.816,3.723,2.051,24.51,51.32,Recuperacao1
1075663,1.991,1.998,1.488,24.50,51.29,Recuperacao1
1077694,2.576,2.224,1.983,24.50,51.29,Recuperacao1
1079725,2.438,2.611,2.002,24.50,51.27,Recuperacao1
1081756,2.247,2.316,1.717,24.51,51.26,Recuperacao1
1083787,2.506,3.252,2.302,24.50,51.26,Recuperacao1
1085818,2.148,2.063,1.640,24.51,51.24,Recuperacao1
1087849,1.929,2.042,1.547,24.50,51.22,Recuperacao1
1089880,3.187,2.119,1.763,24.50,51.20,Recuperacao1
1091911,3.352,2.459,1.974,24.51,51.19,Recuperacao1
1093942,2.098,1.931,1.485,24.50,51.17,Recuperacao1
1095973,2.321,2.289,1.836,24.50,51.15,Recuperacao1
1098004,2.637,2.549,1.935,24.50,51.14,Recuperacao1
1100035,2.105,2.126,1.728,24.50,51.10,Recuperacao1
1102066,2.634,3.067,2.065,24.50,51.11,Recuperacao1
1104097,2.693,1.985,1.864,24.50,51.09,Recuperacao1
1106128,2.081,1.978,1.512,24.50,51.05,Recuperacao1
1108159,2.421,2.669,1.931,24.50,51.05,Recuperacao1
1110190,2.140,2.222,1.734,24.50,51.02,Recuperacao1
1112221,2.235,2.192,1.732,24.50,50.99,Recuperacao1
1114252,3.136,3.149,2.081,24.50,50.98,Recuperacao1
1116283,2.119,2.308,1.730,24.50,50.96,Recuperacao1
1118314,2.297,2.013,1.714,24.50,50.94,Recuperacao1
1120345,2.379,2.045,1.678,24.49,50.93,Recuperacao1
1122376,2.617,2.949,2.065,24.49,50.91,Recuperacao1
1124407,2.592,2.091,1.666,24.49,50.91,Recuperacao1
1126438,1.970,2.179,1.603,24.49,50.90,Recuperacao1
1128469,2.177,2.297,1.645,24.49,50.87,Recuperacao1
1130500,2.390,2.227,1.598,24.49,50.86,Recuperacao1
1132531,3.480,3.315,1.959,24.49,50.86,Recuperacao1
1134562,2.919,3.413,2.237,24.49,50.82,Recuperacao1
1136593,2.373,2.900,2.054,24.49,50.81,Recuperacao1
1138624,3.083,3.103,2.237,24.49,50.78,Recuperacao1
1140655,1.915,2.162,1.791,24.48,50.76,Recuperacao1
1142686,2.433,2.224,1.664,24.48,50.75,Recuperacao1
1144717,2.904,3.471,2.194,24.48,50.70,Recuperacao1
1146748,2.255,2.387,1.890,24.48,50.70,Recuperacao1
1148779,2.415,2.634,1.910,24.48,50.66,Recuperacao1
1150810,2.065,2.177,1.637,24.48,50.65,Recuperacao1
1152841,2.174,2.027,1.746,24.48,50.62,Recuperacao1
1154872,2.287,2.456,2.056,24.48,50.61,Recuperacao1
1156903,2.539,3.157,2.245,24.48,50.58,Recuperacao1
1158934,3.027,4.138,2.116,24.48,50.57,Recuperacao1
1160965,2.964,4.177,2.271,24.48,50.55,Recuperacao1
1162996,2.878,3.034,2.114,24.48,50.54,Recuperacao1
1165027,2.240,2.373,1.915,24.48,50.53,Recuperacao1
1167058,2.387,2.202,1.870,24.48,50.52,Recuperacao1
1169089,2.382,2.174,1.761,24.47,50.52,Recuperacao1
1171120,2.318,2.415,1.750,24.47,50.49,Recuperacao1
1173151,2.065,2.167,1.754,24.47,50.47,Recuperacao1
1175182,2.412,2.384,1.882,24.47,50.45,Recuperacao1
1177213,3.141,2.124,1.814,24.47,50.44,Recuperacao1
1179244,2.327,2.253,1.645,24.47,50.45,Recuperacao1
1181275,2.237,2.934,2.107,24.47,50.39,Recuperacao1
1183306,2.237,2.287,1.767,24.47,50.40,Recuperacao1
1185337,2.365,2.237,1.931,24.47,50.39,Recuperacao1
1187368,3.187,3.244,2.224,24.47,50.37,Recuperacao1
1189399,2.653,2.022,1.699,24.46,50.35,Recuperacao1
1191430,2.004,2.031,1.550,24.47,50.35,Recuperacao1
1193461,2.124,2.227,1.639,24.46,50.36,Recuperacao1
1195492,2.002,2.229,1.523,24.46,50.31,Recuperacao1
1197523,2.197,1.910,1.595,24.46,50.31,Recuperacao1
1199554,2.284,1.976,1.630,24.46,50.31,Recuperacao1
1201585,2.660,3.196,2.227,24.46,50.33,Recuperacao1
1203616,2.570,2.518,1.921,24.46,50.30,Recuperacao1
1205647,2.207,2.284,1.795,24.46,50.29,Recuperacao1
1207678,2.199,2.379,1.752,24.46,50.29,Recuperacao1
1209709,2.179,2.247,1.725,24.46,50.29,Recuperacao1
1211740,1.931,2.077,1.532,24.46,50.30,Recuperacao1
1213771,1.880,1.955,1.529,24.46,50.23,Recuperacao1
1215802,2.192,2.229,1.756,24.46,50.22,Recuperacao1
1217833,2.384,2.224,1.944,24.46,50.21,Recuperacao1
1219864,3.343,2.983,2.079,24.45,50.17,Recuperacao1
1221895,2.583,2.289,1.803,24.45,50.16,Recuperacao1
1223926,2.271,2.396,1.726,24.45,50.14,Recuperacao1
1225957,3.801,2.689,2.056,24.45,50.12,Recuperacao1
1227988,2.467,2.464,1.661,24.45,50.11,Recuperacao1
1230019,2.079,2.189,1.908,24.45,50.11,Recuperacao1
1232050,3.892,3.162,2.217,24.45,50.12,Recuperacao1
1234081,2.506,2.415,1.743,24.45,50.12,Recuperacao1
1236112,2.911,3.141,2.217,24.45,50.12,Recuperacao1
1238143,2.165,2.268,1.816,24.45,50.10,Recuperacao1
1240174,2.184,2.318,1.931,24.45,50.07,Recuperacao1
1242205,3.257,3.555,2.152,24.45,50.06,Recuperacao1
1244236,2.379,2.072,1.710,24.45,50.04,Recuperacao1
1246267,3.103,2.774,2.219,24.46,50.04,Recuperacao1
1248298,2.444,2.077,1.791,24.45,50.03,Recuperacao1
1250329,1.978,2.000,1.584,24.45,50.01,Recuperacao1
1252360,2.222,2.512,1.998,24.45,49.98,Recuperacao1
1254391,3.141,2.545,1.728,24.45,49.97,Recuperacao1
1256422,2.316,2.294,1.842,24.45,49.95,Recuperacao1
1258453,2.630,2.871,1.978,24.45,49.94,Recuperacao1
1260484,2.321,2.284,1.902,24.45,49.91,Recuperacao1
1262515,2.281,1.908,1.561,24.45,49.89,Recuperacao1
1264546,3.230,3.179,2.302,24.45,49.88,Recuperacao1
1266577,2.781,3.846,2.138,24.45,49.86,Recuperacao1
1268608,3.063,3.128,2.263,24.45,49.86,Recuperacao1
1270639,2.915,3.994,2.263,24.45,49.82,Recuperacao1
1272670,3.027,3.643,2.232,24.45,49.81,Recuperacao1
1274701,2.820,3.617,2.121,24.44,49.79,Recuperacao1
1276732,3.095,3.829,2.232,24.44,49.78,Recuperacao1
1278763,3.071,3.356,2.253,24.44,49.75,Recuperacao1
1280794,2.871,2.683,2.098,24.44,49.74,Recuperacao1
1282825,2.586,2.824,2.002,24.44,49.72,Recuperacao1
1284856,2.308,2.284,1.913,24.44,49.73,Recuperacao1
1286887,2.292,2.182,1.793,24.45,49.73,Recuperacao1
1288918,2.018,2.297,1.696,24.44,49.71,Recuperacao1
1290949,3.288,2.930,1.989,24.44,49.71,Recuperacao1
1292980,2.564,2.555,1.848,24.44,49.70,Recuperacao1
1295011,2.242,2.359,1.671,24.44,49.68,Recuperacao1
1297042,1.978,2.131,1.564,24.44,49.65,Recuperacao1
1299073,2.747,2.930,2.143,24.44,49.65,Recuperacao1
1301104,2.098,2.415,1.669,24.44,49.62,Recuperacao1
1303135,3.707,3.091,2.165,24.44,49.61,Recuperacao1
1305166,2.247,2.359,1.852,24.44,49.60,Recuperacao1
1307197,2.509,2.552,1.902,24.44,49.58,Recuperacao1
1309228,1.974,2.109,1.588,24.44,49.56,Recuperacao1
1311259,2.332,2.418,1.669,24.44,49.57,Recuperacao1
1313290,2.105,2.482,1.838,24.44,49.55,Recuperacao1
1315321,3.034,3.343,2.224,24.44,49.52,Recuperacao1
1317352,2.114,2.237,1.548,24.44,49.49,Recuperacao1
1319383,2.365,2.266,1.942,24.44,49.47,Recuperacao1
1321414,3.067,3.204,2.121,24.44,49.45,Recuperacao1
1323445,2.302,2.279,1.795,24.44,49.43,Recuperacao1
1325476,3.095,4.018,2.232,24.44,49.45,Recuperacao1
1327507,2.354,2.279,1.712,24.43,49.42,Recuperacao1
1329538,1.919,2.167,1.632,24.44,49.40,Recuperacao1
1331569,2.740,3.762,2.204,24.44,49.38,Recuperacao1
1333600,2.396,2.002,1.822,24.44,49.36,Recuperacao1
1335631,2.126,2.294,1.603,24.44,49.35,Recuperacao1
1337662,2.332,1.921,1.669,24.43,49.32,Recuperacao1
1339693,3.067,4.043,2.250,24.44,49.32,Recuperacao1
1341724,2.340,2.663,1.919,24.43,49.31,Recuperacao1
1343755,2.067,2.281,1.668,24.43,49.29,Recuperacao1
1345786,2.237,1.898,1.423,24.43,49.27,Recuperacao1
1347817,2.479,2.605,2.095,24.43,49.25,Recuperacao1
1349848,2.187,2.119,1.669,24.43,49.24,Recuperacao1
1351879,2.693,2.719,2.029,24.43,49.26,Recuperacao1
1353910,1.974,1.950,1.495,24.42,49.25,Recuperacao1
1355941,2.126,2.091,1.763,24.42,49.24,Recuperacao1
1357972,3.565,2.856,2.047,24.42,49.27,Recuperacao1
1360003,2.346,2.058,1.776,24.42,49.23,Recuperacao1
1362034,3.427,3.099,1.852,24.42,49.21,Recuperacao1
1364065,2.081,2.091,1.813,24.42,49.20,Recuperacao1
1366096,2.116,2.033,1.610,24.41,49.20,Recuperacao1
1368127,2.699,3.352,2.116,24.42,49.19,Recuperacao1
1370158,2.119,2.663,1.872,24.41,49.18,Recuperacao1
1372189,2.263,2.184,1.703,24.41,49.17,Recuperacao1
1374220,2.033,2.000,1.566,24.41,49.15,Recuperacao1
1376251,2.091,1.824,1.625,24.41,49.12,Recuperacao1
1378282,2.919,2.476,1.840,24.41,49.12,Recuperacao1
1380313,2.968,3.466,2.167,24.41,49.11,Recuperacao1
1382344,2.313,2.217,1.961,24.41,49.09,Recuperacao1
1384375,2.258,2.138,1.906,24.41,49.09,Recuperacao1
1386406,2.121,2.140,1.668,24.41,49.07,Recuperacao1
1388437,3.622,2.926,2.136,24.42,49.06,Recuperacao1
1390468,2.136,2.038,1.696,24.41,49.03,Recuperacao1
1392499,3.394,2.450,1.756,24.41,49.01,Recuperacao1
1394530,2.332,2.276,1.793,24.40,48.99,Recuperacao1
1396561,2.093,2.212,1.746,24.41,48.99,Recuperacao1
1398592,2.456,2.459,1.904,24.40,48.97,Recuperacao1
1400623,3.696,3.456,2.284,24.40,48.94,Recuperacao1
1402654,2.114,2.179,1.694,24.40,48.94,Recuperacao1
1404685,2.214,2.182,1.774,24.40,48.94,Recuperacao1
1406716,2.716,3.570,2.214,24.39,48.91,Recuperacao1
1408747,2.237,2.192,1.830,24.40,48.95,Recuperacao1
1410778,3.475,3.196,2.121,24.39,48.92,Recuperacao1
1412809,2.209,2.209,1.919,24.39,48.90,Recuperacao1
1414840,2.197,2.260,1.944,24.39,48.90,Recuperacao1
1416871,2.170,2.235,1.750,24.40,48.89,Recuperacao1
1418902,2.045,2.182,1.518,24.40,48.89,Recuperacao1
1420933,2.152,2.029,1.569,24.39,48.87,Recuperacao1
1422964,1.902,1.974,1.462,24.39,48.84,Recuperacao1
1424995,2.058,2.237,1.642,24.39,48.81,Recuperacao1
1427026,2.116,2.155,1.750,24.39,48.82,Recuperacao1
1429057,2.494,2.663,1.948,24.39,48.81,Recuperacao1
1431088,3.723,2.736,1.904,24.39,48.81,Recuperacao1
1433119,2.022,2.247,1.547,24.39,48.77,Recuperacao1
1435150,2.250,2.555,1.816,24.39,48.77,Recuperacao1
1437181,2.222,2.240,1.902,24.39,48.79,Recuperacao1
1439212,2.719,2.953,2.179,24.39,48.77,Recuperacao1
1441243,1.996,1.942,1.597,24.39,48.76,Recuperacao1
1443274,2.227,2.646,1.822,24.39,48.74,Recuperacao1
1445305,2.555,2.646,1.846,24.39,48.73,Recuperacao1
1447336,2.332,2.098,1.610,24.39,48.75,Recuperacao1
1449367,2.131,2.162,1.617,24.39,48.74,Recuperacao1
1451398,2.240,2.102,1.699,24.38,48.72,Recuperacao1
1453429,2.020,2.148,1.763,24.38,48.73,Recuperacao1
1455460,2.179,2.271,1.784,24.38,48.69,Recuperacao1
1457491,2.212,2.393,1.852,24.38,48.70,Recuperacao1
1459522,2.199,1.970,1.668,24.38,48.70,Recuperacao1
1461553,1.970,2.167,1.542,24.38,48.71,Recuperacao1
1463584,2.268,2.602,1.923,24.38,48.69,Recuperacao1
1465615,1.890,2.077,1.567,24.38,48.68,Recuperacao1
1467646,2.305,2.368,1.892,24.38,48.69,Recuperacao1
1469677,2.174,2.321,1.878,24.38,48.71,Recuperacao1
1471708,2.253,2.412,1.809,24.38,48.69,Recuperacao1
1473739,2.329,2.589,1.987,24.38,48.68,Recuperacao1
1475770,2.730,2.972,1.959,24.38,48.66,Recuperacao1
1477801,3.166,2.184,1.940,24.37,48.66,Recuperacao1
1479832,1.858,2.204,1.548,24.37,48.65,Recuperacao1
1481863,2.308,2.133,1.788,24.37,48.64,Recuperacao1
1483894,2.634,2.453,1.965,24.37,48.63,Recuperacao1
1485925,2.182,2.235,1.703,24.37,48.62,Recuperacao1
1487956,3.079,2.421,1.814,24.37,48.60,Recuperacao1
1489987,2.860,3.083,2.086,24.37,48.59,Recuperacao1
1492018,2.646,3.075,2.100,24.37,48.58,Recuperacao1
1494049,3.196,3.107,2.157,24.36,48.58,Recuperacao1
1496080,2.287,1.993,1.687,24.36,48.57,Recuperacao1
1498111,2.321,2.305,1.728,24.36,48.55,Recuperacao1
1500142,2.506,2.624,2.054,24.35,48.56,Recuperacao1
1502173,2.189,2.354,1.791,24.35,48.55,Recuperacao1
1504204,3.952,2.871,2.098,24.35,48.53,Recuperacao1
1506235,2.316,2.536,1.906,24.35,48.51,Recuperacao1
1508266,2.222,2.485,1.701,24.35,48.51,Recuperacao1
1510297,2.512,2.656,1.980,24.35,48.50,Recuperacao1
1512328,2.348,2.255,1.771,24.34,48.50,Recuperacao1
1514359,2.583,2.586,2.074,24.35,48.49,Recuperacao1
1516390,2.009,2.072,1.571,24.34,48.50,Recuperacao1
1518421,2.297,2.412,1.782,24.34,48.48,Recuperacao1
1520452,2.637,2.630,1.983,24.34,48.46,Recuperacao1
1522483,2.396,2.926,1.933,24.34,48.45,Recuperacao1
1524514,3.970,2.972,2.131,24.34,48.44,Recuperacao1
1526545,3.723,3.632,2.143,24.34,48.45,Recuperacao1
1528576,2.706,3.394,2.150,24.34,48.42,Recuperacao1
1530607,2.515,2.533,1.996,24.33,48.40,Recuperacao1
1532638,2.131,2.539,1.974,24.34,48.39,Recuperacao1
1534669,2.165,2.357,1.771,24.34,48.37,Recuperacao1
1536700,2.029,2.281,1.618,24.34,48.35,Recuperacao1
1538731,2.284,2.056,1.671,24.33,48.34,Recuperacao1
1540762,2.335,2.121,1.595,24.34,48.32,Recuperacao1
1542793,1.974,1.998,1.564,24.34,48.30,Recuperacao1
1544824,2.184,2.209,1.716,24.33,48.29,Recuperacao1
1546855,2.184,2.177,1.691,24.33,48.28,Recuperacao1
1548886,2.533,2.488,2.058,24.33,48.28,Recuperacao1
1550917,3.545,3.446,2.245,24.34,48.26,Recuperacao1
1552948,1.860,2.051,1.542,24.33,48.25,Recuperacao1
1554979,2.382,2.192,1.682,24.33,48.24,Recuperacao1
1557010,2.138,2.155,1.659,24.33,48.23,Recuperacao1
1559041,1.894,2.240,1.613,24.33,48.23,Recuperacao1
1561072,3.244,3.495,2.313,24.33,48.21,Recuperacao1
1563103,2.279,2.464,1.933,24.33,48.20,Recuperacao1
1565134,2.036,2.000,1.548,24.33,48.19,Recuperacao1
1567165,2.227,2.351,1.892,24.32,48.19,Recuperacao1
1569196,2.987,2.407,1.623,24.33,48.20,Recuperacao1
1571227,2.258,2.398,1.644,24.32,48.18,Recuperacao1
1573258,2.539,2.327,2.024,24.32,48.15,Recuperacao1
1575289,1.942,2.145,1.503,24.32,48.14,Recuperacao1
1577320,2.533,2.806,1.921,24.32,48.14,Recuperacao1
1579351,2.004,2.148,1.639,24.31,48.12,Recuperacao1
1581382,2.430,2.177,2.067,24.31,48.13,Recuperacao1
1583413,2.292,2.148,1.805,24.31,48.09,Recuperacao1
1585444,3.466,2.276,1.888,24.31,48.10,Recuperacao1
1587475,2.379,3.011,1.880,24.30,48.08,Recuperacao1
1589506,2.242,2.245,1.784,24.30,48.08,Recuperacao1
1591537,3.685,3.015,2.098,24.31,48.09,Recuperacao1
1593568,2.368,2.095,1.761,24.30,48.06,Recuperacao1
1595599,2.242,2.065,1.717,24.30,48.03,Recuperacao1
1597630,2.217,2.027,1.799,24.30,48.04,Recuperacao1
1599661,2.719,3.157,1.983,24.30,48.00,Recuperacao1
1601692,1.929,2.102,1.676,24.29,48.02,Recuperacao1
1603723,2.155,2.242,1.745,24.30,48.00,Recuperacao1
1605754,2.555,2.536,2.020,24.30,47.98,Recuperacao1
1607785,2.212,2.167,1.676,24.30,47.98,Recuperacao1
1609816,2.586,2.503,2.116,24.30,47.99,Recuperacao1
1611847,2.258,2.235,1.925,24.30,47.96,Recuperacao1
1613878,2.222,2.222,1.630,24.30,47.95,Recuperacao1
1615909,2.121,2.318,1.728,24.30,47.92,Recuperacao1
1617940,1.976,2.049,1.602,24.30,47.93,Recuperacao1
1619971,2.018,2.155,1.512,24.30,47.93,Recuperacao1
1622002,1.917,2.002,1.500,24.30,47.88,Recuperacao1
1624033,2.013,2.332,1.723,24.30,47.92,Recuperacao1
1626064,2.172,1.902,1.528,24.30,47.89,Recuperacao1
1628095,2.268,2.054,1.615,24.30,47.90,Recuperacao1
1630126,2.778,3.071,2.093,24.30,47.86,Recuperacao1
1632157,2.202,2.150,1.805,24.30,47.85,Recuperacao1
1634188,2.058,2.015,1.627,24.30,47.86,Recuperacao1
1636219,2.300,2.595,1.811,24.30,47.86,Recuperacao1
1638250,2.022,2.271,1.717,24.30,47.89,Recuperacao1
1640281,2.911,2.802,2.054,24.30,47.87,Recuperacao1
1642312,2.245,2.095,1.691,24.29,47.92,Recuperacao1
1644343,2.518,1.904,1.595,24.30,47.93,Recuperacao1
1646374,2.148,2.838,2.058,24.30,47.97,Recuperacao1
1648405,2.124,2.170,1.551,24.30,47.97,Recuperacao1
1650436,2.473,2.824,1.919,24.30,48.00,Recuperacao1
1652467,2.224,2.430,1.687,24.30,48.00,Recuperacao1
1654498,2.000,2.040,1.509,24.31,48.00,Recuperacao1
1656529,2.919,3.490,2.102,24.31,47.99,Recuperacao1
1658560,2.583,2.518,2.107,24.30,47.98,Recuperacao1
1660591,2.444,2.660,1.809,24.30,47.99,Recuperacao1
1662622,2.266,2.441,1.816,24.29,47.94,Recuperacao1
1664653,2.407,2.453,1.870,24.30,47.91,Recuperacao1
1666684,2.133,1.980,1.769,24.30,47.90,Recuperacao1
1668715,2.279,2.348,1.612,24.30,47.86,Recuperacao1
1670746,2.000,2.337,1.664,24.30,47.85,Recuperacao1
1672777,3.525,3.581,2.365,24.30,47.84,Recuperacao1
1674808,2.184,1.987,1.716,24.30,47.83,Recuperacao1
1676839,2.318,2.184,1.652,24.30,47.82,Recuperacao1
1678870,2.324,2.102,1.788,24.29,47.81,Recuperacao1
1680901,2.491,2.441,1.765,24.29,47.80,Recuperacao1
1682932,2.318,2.260,1.778,24.29,47.79,Recuperacao1
1684963,2.105,1.955,1.550,24.29,47.77,Recuperacao1
1686994,2.549,2.709,2.015,24.29,47.75,Recuperacao1
1689025,2.382,2.351,1.814,24.29,47.77,Recuperacao1
1691056,2.723,2.882,2.040,24.29,47.73,Recuperacao1
1693087,2.224,2.646,1.735,24.29,47.71,Recuperacao1
1695118,3.451,2.643,1.882,24.29,47.70,Recuperacao1
1697149,2.222,2.235,1.824,24.29,47.67,Recuperacao1
1699180,2.332,2.327,1.719,24.28,47.64,Recuperacao1
1701211,2.119,2.229,1.685,24.28,47.65,Recuperacao1
1703242,1.974,2.018,1.590,24.28,47.62,Recuperacao1
1705273,2.024,2.292,1.663,24.28,47.62,Recuperacao1
1707304,2.124,2.245,1.750,24.28,47.62,Recuperacao1
1709335,2.354,2.467,1.689,24.28,47.60,Recuperacao1
1711366,2.410,2.706,2.027,24.29,47.60,Recuperacao1
1713397,2.953,3.940,2.140,24.28,47.60,Recuperacao1
1715428,2.131,1.987,1.529,24.29,47.55,Recuperacao1
1717459,1.996,1.989,1.483,24.29,47.55,Recuperacao1
1719490,2.573,1.974,1.683,24.29,47.54,Recuperacao1
1721521,2.570,2.730,1.868,24.29,47.54,Recuperacao1
1723552,2.165,2.189,1.707,24.29,47.53,Recuperacao1
1725583,2.292,2.217,1.758,24.29,47.52,Recuperacao1
1727614,2.696,2.473,1.942,24.29,47.53,Recuperacao1
1729645,2.713,2.753,2.084,24.29,47.48,Recuperacao1
1731676,2.621,2.991,2.040,24.29,47.47,Recuperacao1
1733707,2.573,3.632,2.086,24.29,47.45,Recuperacao1
1735738,3.235,2.237,1.813,24.29,47.44,Recuperacao1
1737769,1.938,2.202,1.559,24.29,47.41,Recuperacao1
1739800,2.509,2.281,1.882,24.29,47.40,Recuperacao1
1741831,2.806,2.573,1.931,24.29,47.38,Recuperacao1
1743862,2.209,2.494,1.654,24.29,47.37,Recuperacao1
1745893,2.365,2.595,1.957,24.29,47.34,Recuperacao1
1747924,2.160,2.294,1.618,24.29,47.33,Recuperacao1
1749955,2.555,2.199,1.630,24.28,47.31,Recuperacao1
1751986,2.552,2.740,2.128,24.29,47.30,Recuperacao1
1754017,2.365,2.663,1.910,24.29,47.30,Recuperacao1
1756048,2.573,2.630,1.950,24.29,47.27,Recuperacao1
1758079,2.197,2.533,1.803,24.29,47.29,Recuperacao1
1760110,2.237,2.131,1.705,24.29,47.25,Recuperacao1
1762141,2.271,2.518,1.678,24.29,47.25,Recuperacao1
1764172,1.955,1.963,1.502,24.29,47.24,Recuperacao1
1766203,2.646,2.598,1.987,24.28,47.25,Recuperacao1
1768234,2.157,2.000,1.610,24.28,47.25,Recuperacao1
1770265,2.245,2.368,1.582,24.28,47.23,Recuperacao1
1772296,2.027,2.204,1.654,24.28,47.21,Recuperacao1
1774327,2.608,2.310,1.701,24.28,47.21,Recuperacao1
1776358,2.757,2.637,1.938,24.28,47.21,Recuperacao1
1778389,2.376,2.666,1.803,24.28,47.22,Recuperacao1
1780420,2.072,2.284,1.551,24.28,47.20,Recuperacao1
1782451,3.067,2.524,1.786,24.28,47.17,Recuperacao1
1784482,2.167,2.162,1.669,24.29,47.17,Recuperacao1
1786513,2.189,2.263,1.801,24.29,47.19,Recuperacao1
1788544,2.209,2.479,1.701,24.29,47.16,Recuperacao1
1790575,3.347,3.031,2.056,24.28,47.13,Recuperacao1
1792606,2.187,2.263,1.816,24.28,47.14,Recuperacao1
1794637,3.297,2.456,1.803,24.28,47.12,Recuperacao1
1796668,2.313,2.634,1.921,24.28,47.11,Recuperacao1
1798699,2.401,2.418,1.791,24.28,47.10,Recuperacao1
1800730,2.170,2.300,1.707,24.28,47.10,Recuperacao1
1802761,2.007,2.343,1.529,24.28,47.08,Recuperacao1
1804792,1.961,2.343,1.555,24.28,47.09,Recuperacao1
1806823,2.194,2.157,1.598,24.27,47.09,Recuperacao1
1808854,2.689,2.187,1.719,24.28,47.10,Recuperacao1
1810885,3.648,3.288,2.302,24.28,47.08,Recuperacao1
1812916,2.506,3.023,2.031,24.28,47.08,Recuperacao1
1814947,2.518,2.482,1.955,24.28,47.08,Recuperacao1
1816978,2.407,2.031,1.938,24.27,47.08,Recuperacao1
1819009,2.237,2.224,1.654,24.27,47.09,Recuperacao1
1821040,2.953,3.343,2.227,24.28,47.08,Recuperacao1
1823071,2.473,2.433,1.874,24.28,47.09,Recuperacao1
1825102,2.138,2.088,1.649,24.28,47.07,Recuperacao1
1827133,3.297,2.086,1.788,24.28,47.07,Recuperacao1
1829164,2.235,2.289,1.836,24.27,47.07,Recuperacao1
1831195,2.197,2.240,1.834,24.28,47.05,Recuperacao1
1833226,3.343,3.795,2.407,24.28,47.05,Recuperacao1
1835257,2.072,2.300,1.921,24.28,47.07,Recuperacao1
1837288,2.177,2.300,1.795,24.28,47.04,Recuperacao1
1839319,2.007,2.007,1.525,24.28,47.04,Recuperacao1
1841350,3.124,3.964,2.162,24.28,47.04,Recuperacao1
1843381,2.561,2.753,2.093,24.28,47.03,Recuperacao1
1845412,2.418,2.357,1.896,24.28,47.04,Recuperacao1
1847443,1.919,2.051,1.537,24.28,47.03,Recuperacao1
1849474,2.586,2.716,2.079,24.28,47.01,Recuperacao1
1851505,2.250,2.204,1.788,24.28,46.99,Recuperacao1
1853536,2.941,3.892,2.253,24.28,47.00,Recuperacao1
1855567,2.116,2.284,1.637,24.27,46.96,Recuperacao1
1857598,2.217,2.500,1.931,24.28,46.95,Recuperacao1
1859629,3.789,3.248,2.197,24.28,46.95,Recuperacao1
1861660,2.013,2.051,1.640,24.27,46.94,Recuperacao1
1863691,2.136,2.232,1.737,24.27,46.93,Recuperacao1
1865722,2.614,2.792,2.022,24.27,46.92,Recuperacao1
1867753,2.255,2.150,1.701,24.27,46.91,Recuperacao1
1869784,2.321,2.396,1.828,24.27,46.93,Recuperacao1
1871815,3.075,2.155,1.654,24.27,46.90,Recuperacao1
1873846,2.276,2.253,1.671,24.27,46.89,Recuperacao1
1875877,2.308,2.327,1.921,24.27,46.89,Recuperacao1
1877908,2.945,4.223,2.136,24.27,46.88,Recuperacao1
1879939,2.170,2.145,1.555,24.27,46.88,Recuperacao1
1881970,2.229,2.199,1.850,24.27,46.88,Recuperacao1
1884001,2.878,3.545,2.170,24.28,46.87,Recuperacao1
1886032,2.074,2.051,1.536,24.27,46.86,Recuperacao1
1888063,2.450,2.128,1.657,24.27,46.87,Recuperacao1
1890094,2.441,2.266,1.820,24.27,46.85,Recuperacao1
1892125,2.686,3.042,2.112,24.26,46.86,Recuperacao1
1894156,2.362,1.970,1.701,24.26,46.83,Recuperacao1
1896187,2.271,2.271,1.680,24.25,46.82,Recuperacao1
1898218,2.313,2.515,1.842,24.25,46.82,Recuperacao1
1900249,2.983,3.370,2.056,24.25,46.81,Recuperacao1
1902280,2.015,2.079,1.714,24.26,46.82,Recuperacao1
1904311,2.091,2.294,1.716,24.25,46.80,Recuperacao1
1906342,3.540,2.893,2.074,24.25,46.81,Recuperacao1
1908373,2.245,2.152,1.668,24.25,46.81,Recuperacao1
1910404,2.327,2.112,1.735,24.25,46.78,Recuperacao1
1912435,2.357,2.716,1.898,24.25,46.79,Recuperacao1
1914466,2.845,3.124,2.098,24.25,46.78,Recuperacao1
1916497,2.983,2.602,1.840,24.25,46.78,Recuperacao1
1918528,2.128,2.148,1.508,24.25,46.76,Recuperacao1
1920559,2.143,2.279,1.771,24.26,46.76,Recuperacao1
1922590,2.348,2.255,1.834,24.25,46.76,Recuperacao1
1924621,2.279,2.107,1.728,24.25,46.74,Recuperacao1
1926652,2.418,2.653,1.931,24.25,46.75,Recuperacao1
1928683,2.785,3.718,2.184,24.25,46.73,Recuperacao1
1930714,2.077,2.214,1.486,24.25,46.75,Recuperacao1
1932745,2.324,2.263,1.748,24.26,46.73,Recuperacao1
1934776,2.743,2.605,1.921,24.26,46.73,Recuperacao1
1936807,2.245,1.910,1.525,24.25,46.71,Recuperacao1
1938838,2.313,2.229,1.657,24.25,46.74,Recuperacao1
1940869,3.432,3.928,2.260,24.25,46.72,Recuperacao1
1942900,2.305,2.232,1.809,24.26,46.72,Recuperacao1
1944931,3.275,2.893,2.020,24.25,46.69,Recuperacao1
1946962,2.281,2.105,1.737,24.25,46.70,Recuperacao1
1948993,2.150,2.056,1.595,24.25,46.69,Recuperacao1
1951024,2.464,2.435,1.876,24.26,46.67,Recuperacao1
1953055,2.308,2.114,1.650,24.26,46.69,Recuperacao1
1955086,3.545,3.653,2.289,24.25,46.71,Recuperacao1
1957117,2.237,2.237,1.761,24.25,46.68,Recuperacao1
1959148,1.983,1.963,1.558,24.25,46.67,Recuperacao1
1961179,2.396,2.065,1.734,24.25,46.66,Recuperacao1
1963210,3.729,3.209,2.105,24.24,46.64,Recuperacao1
1965241,2.182,2.237,1.735,24.24,46.62,Recuperacao1
1967272,2.447,2.941,1.913,24.24,46.65,Recuperacao1
1969303,2.467,2.065,1.707,24.25,46.62,Recuperacao1
1971334,2.263,2.121,1.618,24.25,46.63,Recuperacao1
1973365,2.157,2.421,1.663,24.25,46.61,Recuperacao1
1975396,2.733,3.196,1.996,24.25,46.62,Recuperacao1
1977427,3.648,3.153,2.245,24.24,46.61,Recuperacao1
1979458,2.255,2.337,1.625,24.25,46.61,Recuperacao1
1981489,1.987,2.284,1.558,24.25,46.59,Recuperacao1
1983520,2.268,2.222,1.639,24.24,46.58,Recuperacao1
1985551,2.418,2.121,1.712,24.24,46.59,Recuperacao1
1987582,2.292,2.240,1.795,24.23,46.58,Recuperacao1
1989613,2.027,2.327,1.595,24.23,46.58,Recuperacao1
1991644,3.485,3.023,2.197,24.23,46.59,Recuperacao1
1993675,2.637,2.157,1.925,24.23,46.59,Recuperacao1
1995706,1.974,2.102,1.577,24.23,46.58,Recuperacao1
1997737,2.953,3.892,2.292,24.23,46.58,Recuperacao1
1999768,2.337,2.040,1.852,24.23,46.59,Recuperacao1
2001799,2.165,2.224,1.761,24.23,46.59,Recuperacao1
2003830,2.038,2.207,2.047,24.23,46.56,Recuperacao1
2005861,2.771,3.170,2.105,24.23,46.58,Recuperacao1
2007892,2.152,2.088,1.558,24.22,46.58,Recuperacao1
2009923,2.438,2.376,1.919,24.21,46.55,Recuperacao1
2011954,1.957,2.140,1.719,24.21,46.56,Recuperacao1
2013985,2.686,2.760,2.095,24.22,46.55,Recuperacao1
2016016,2.245,2.232,1.719,24.22,46.55,Recuperacao1
2018047,1.923,1.938,1.553,24.22,46.56,Recuperacao1
2020078,3.643,3.485,2.247,24.22,46.55,Recuperacao1
2022109,2.536,2.788,1.978,24.22,46.55,Recuperacao1
2024140,2.567,2.713,1.862,24.21,46.55,Recuperacao1
2026171,2.570,2.934,2.179,24.22,46.54,Recuperacao1
2028202,4.006,2.987,2.098,24.21,46.53,Recuperacao1
2030233,1.993,1.959,1.585,24.22,46.53,Recuperacao1
2032264,2.072,2.114,1.716,24.21,46.52,Recuperacao1
2034295,3.204,3.320,2.300,24.21,46.52,Recuperacao1
2036326,2.219,2.518,1.710,24.21,46.52,Recuperacao1
2038357,2.730,3.141,2.174,24.21,46.49,Recuperacao1
2040388,2.184,2.179,1.607,24.21,46.48,Recuperacao1
2042419,3.535,2.669,1.980,24.21,46.47,Recuperacao1
2044450,2.177,2.247,1.734,24.21,46.48,Recuperacao1
2046481,1.993,1.886,1.532,24.21,46.48,Recuperacao1
2048512,2.450,2.294,1.872,24.21,46.47,Recuperacao1
2050543,3.422,4.106,2.329,24.21,46.47,Recuperacao1
2052574,3.446,3.701,2.354,24.21,46.46,Recuperacao1
2054605,2.209,2.067,1.739,24.21,46.45,Recuperacao1
2056636,3.239,3.515,2.247,24.21,46.44,Recuperacao1
2058667,2.354,1.991,1.622,24.21,46.46,Recuperacao1
2060698,3.505,2.549,2.020,24.21,46.46,Recuperacao1
2062729,2.576,2.640,2.018,24.21,46.48,Recuperacao1
2064760,2.162,2.207,1.735,24.21,46.47,Recuperacao1
2066791,2.491,2.788,2.024,24.21,46.48,Recuperacao1
2068822,2.202,2.287,1.801,24.21,46.44,Recuperacao1
2070853,2.785,2.995,2.112,24.21,46.45,Recuperacao1
2072884,2.368,2.418,1.746,24.21,46.45,Recuperacao1
2074915,2.018,2.105,1.663,24.21,46.45,Recuperacao1
2076946,2.124,2.121,1.630,24.21,46.46,Recuperacao1
2078977,2.302,2.382,1.734,24.21,46.47,Recuperacao1
2081008,2.580,2.686,1.946,24.20,46.47,Recuperacao1
2083039,2.968,2.327,1.894,24.20,46.47,Recuperacao1
2085070,2.209,2.313,1.676,24.20,46.51,Recuperacao1
2087101,2.289,2.297,2.004,24.20,46.51,Recuperacao1
2089132,2.091,2.024,1.623,24.20,46.52,Recuperacao1
2091163,2.232,2.242,1.836,24.20,46.54,Recuperacao1
2093194,2.435,2.518,1.942,24.20,46.56,Recuperacao1
2095225,2.686,3.235,2.170,24.19,46.55,Recuperacao1
2097256,3.329,3.767,2.255,24.19,46.56,Recuperacao1
2099287,2.849,3.437,2.217,24.19,46.55,Recuperacao1
2101318,3.417,3.570,2.255,24.19,46.56,Recuperacao1
2103349,2.723,2.194,1.725,24.19,46.53,Recuperacao1
2105380,1.915,1.902,1.517,24.19,46.54,Recuperacao1
2107411,1.996,2.084,1.572,24.19,46.51,Recuperacao1
2109442,2.051,2.165,1.600,24.19,46.52,Recuperacao1
2111473,2.245,2.079,1.525,24.19,46.49,Recuperacao1
2113504,1.942,1.965,1.540,24.19,46.49,Recuperacao1
2115535,2.056,1.898,1.518,24.19,46.49,Recuperacao1
2117566,2.054,1.929,1.687,24.19,46.50,Recuperacao1
2119597,1.993,1.996,1.571,24.19,46.50,Recuperacao1
2121628,2.024,2.131,1.640,24.19,46.51,Recuperacao1
2123659,1.850,2.024,1.508,24.19,46.56,Recuperacao1
2125690,1.900,2.058,1.483,24.19,46.56,Recuperacao1
2127721,2.114,2.500,1.630,24.19,46.56,Recuperacao1
2129752,2.086,2.174,1.784,24.17,46.59,Recuperacao1
2131783,2.212,2.260,1.805,24.17,46.61,Recuperacao1
2133814,2.450,2.418,1.630,24.17,46.60,Recuperacao1
2135845,2.279,2.444,1.878,24.17,46.60,Recuperacao1
2137876,2.337,2.229,1.915,24.17,46.61,Recuperacao1
2139907,2.150,2.107,1.595,24.17,46.60,Recuperacao1
2141938,2.332,2.063,1.689,24.17,46.60,Recuperacao1
2143969,2.131,2.133,1.633,24.17,46.60,Recuperacao1
2146000,3.740,2.533,2.029,24.17,46.58,Recuperacao1
2148031,2.470,2.907,1.846,24.17,46.58,Recuperacao1
2150062,2.235,2.398,1.799,24.17,46.56,Recuperacao1
2152093,2.271,2.240,1.639,24.16,46.54,Recuperacao1
2154124,2.133,2.138,1.644,24.16,46.55,Recuperacao1
2156155,2.242,2.167,1.773,24.16,46.53,Recuperacao1
2158186,2.518,2.512,1.910,24.16,46.53,Recuperacao1
2160217,3.784,2.771,2.067,24.16,46.51,Recuperacao1
2162248,2.255,2.279,1.763,24.16,46.50,Recuperacao1
2164279,2.743,3.141,2.086,24.16,46.48,Recuperacao1
2166310,2.237,2.467,1.763,24.16,46.46,Recuperacao1
2168341,3.283,2.401,1.948,24.16,46.44,Recuperacao1
2170372,2.396,2.630,1.915,24.16,46.45,Recuperacao1
2172403,2.126,2.424,1.763,24.16,46.43,Recuperacao1
2174434,1.967,2.343,1.632,24.15,46.42,Recuperacao1
2176465,3.570,4.402,2.332,24.15,46.45,Recuperacao1
2178496,2.232,2.029,1.745,24.16,46.43,Recuperacao1
2180527,3.213,2.284,1.642,24.16,46.45,Recuperacao1
2182558,2.552,2.512,1.716,24.16,46.44,Recuperacao1
2184589,2.802,2.676,1.894,24.16,46.42,Recuperacao1
2186620,3.922,4.157,2.300,24.16,46.41,Recuperacao1
2188651,3.745,2.871,2.109,24.16,46.38,Recuperacao1
2190682,3.718,3.664,2.292,24.16,46.37,Recuperacao1
2192713,3.120,3.701,2.184,24.16,46.37,Recuperacao1
2194744,2.922,2.874,2.247,24.16,46.39,Recuperacao1
2196775,2.464,2.716,1.872,24.16,46.37,Recuperacao1
2198806,2.227,2.033,1.774,24.16,46.37,Recuperacao1
2200837,2.162,2.260,1.632,24.16,46.35,Recuperacao1
2202868,2.061,1.942,1.543,24.16,46.32,Recuperacao1
2204899,3.535,3.352,2.109,24.16,46.30,Recuperacao1
2206930,2.915,3.370,2.258,24.16,46.31,Recuperacao1
2208961,2.885,3.279,2.212,24.16,46.32,Recuperacao1
2210992,3.653,4.311,2.131,24.15,46.29,Recuperacao1
2213023,2.287,2.335,1.639,24.16,46.28,Recuperacao1
2215054,2.179,2.245,1.657,24.15,46.27,Recuperacao1
2217085,2.128,2.029,1.692,24.15,46.27,Recuperacao1
98752,2.281,2.229,1.625,24.15,47.16,Etanol
100783,2.882,2.281,1.778,24.16,47.11,Etanol
102814,2.602,2.302,2.007,24.16,47.03,Etanol
104845,2.313,2.174,1.622,24.17,46.98,Etanol
106876,4.018,3.162,2.133,24.17,46.94,Etanol
108907,2.450,2.150,2.058,24.17,46.87,Etanol
110938,2.287,2.247,1.661,24.17,46.81,Etanol
112969,2.373,1.950,1.712,24.18,46.76,Etanol
115000,2.743,2.719,1.942,24.18,46.69,Etanol
117031,2.119,2.065,1.708,24.19,46.64,Etanol
119062,1.972,2.042,1.598,24.19,46.58,Etanol
121093,2.640,2.170,1.793,24.19,46.51,Etanol
123124,2.941,3.136,2.199,24.19,46.47,Etanol
125155,2.545,2.736,2.018,24.20,46.39,Etanol
127186,2.250,2.116,1.811,24.20,46.32,Etanol
129217,2.172,2.177,1.795,24.20,46.25,Etanol
131248,1.993,2.065,1.580,24.20,46.21,Etanol
133279,2.292,1.955,1.741,24.20,46.16,Etanol
135310,3.058,2.332,1.780,24.20,46.12,Etanol
137341,4.037,2.907,2.102,24.20,46.06,Etanol
139372,3.301,3.745,2.217,24.21,46.02,Etanol
141403,2.799,2.781,2.051,24.21,45.99,Etanol
143434,2.126,2.128,1.748,24.22,45.95,Etanol
145465,2.187,2.242,1.759,24.21,45.86,Etanol
147496,1.868,2.018,1.563,24.22,45.84,Etanol
149527,3.586,2.799,2.084,24.22,45.75,Etanol
151558,2.703,2.824,1.908,24.22,45.70,Etanol
153589,2.266,2.253,1.694,24.23,45.64,Etanol
155620,3.762,3.257,2.126,24.22,45.61,Etanol
157651,2.382,2.084,1.872,24.23,45.55,Etanol
159682,1.846,2.077,1.577,24.23,45.49,Etanol
161713,2.627,2.841,2.072,24.24,45.47,Etanol
163744,2.184,2.351,1.813,24.24,45.41,Etanol
165775,2.214,2.121,1.699,24.25,45.40,Etanol
167806,2.197,2.663,1.898,24.25,45.32,Etanol
169837,1.919,1.927,1.556,24.25,45.26,Etanol
171868,2.316,2.570,1.961,24.26,45.22,Etanol
173899,1.807,2.024,1.526,24.26,45.16,Etanol
175930,2.482,2.401,1.933,24.27,45.14,Etanol
177961,2.266,2.133,1.668,24.27,45.07,Etanol
179992,2.838,3.174,2.157,24.27,45.04,Etanol
182023,2.308,2.020,1.705,24.28,44.99,Etanol
184054,2.279,1.935,1.600,24.28,44.97,Etanol
186085,2.530,2.813,2.079,24.28,44.94,Etanol
188116,2.079,2.273,1.921,24.29,44.90,Etanol
190147,2.240,2.209,1.830,24.30,44.89,Etanol
192178,2.240,2.086,1.852,24.30,44.84,Etanol
194209,2.459,2.646,1.892,24.30,44.84,Etanol
196240,2.580,2.573,2.000,24.30,44.80,Etanol
198271,2.464,2.464,1.940,24.31,44.78,Etanol
200302,2.576,2.753,2.109,24.31,44.73,Etanol
202333,2.643,2.533,1.944,24.32,44.70,Etanol
204364,2.379,2.401,1.878,24.32,44.66,Etanol
206395,2.482,2.580,2.058,24.32,44.62,Etanol
208426,2.427,2.713,2.018,24.33,44.59,Etanol
210457,2.809,2.799,1.998,24.33,44.56,Etanol
212488,2.785,3.003,2.024,24.33,44.60,Etanol
214519,2.614,2.634,2.100,24.33,44.60,Etanol
216550,2.450,2.693,2.177,24.33,44.65,Etanol
218581,2.279,2.376,1.832,24.34,44.67,Etanol
220612,2.214,2.273,1.767,24.34,44.68,Etanol
222643,2.227,2.245,1.767,24.34,44.69,Etanol
224674,2.335,2.284,1.728,24.35,44.66,Etanol
226705,2.140,2.157,1.844,24.35,44.65,Etanol
228736,2.157,2.107,1.805,24.36,44.64,Etanol
230767,2.227,2.260,1.878,24.35,44.63,Etanol
232798,2.656,2.624,1.925,24.35,44.65,Etanol
234829,3.266,3.375,2.376,24.35,44.64,Etanol
236860,2.088,1.892,1.613,24.36,44.68,Etanol
238891,2.209,2.273,1.906,24.36,44.74,Etanol
240922,2.500,2.676,1.998,24.36,44.77,Etanol
242953,3.475,3.166,2.245,24.36,44.79,Etanol
244984,1.915,1.929,1.628,24.37,44.80,Etanol
247015,2.199,2.207,1.741,24.37,44.75,Etanol
249046,2.100,2.116,1.816,24.37,44.73,Etanol
251077,2.240,2.598,1.822,24.37,44.70,Etanol
253108,2.281,2.602,2.007,24.38,44.68,Etanol
255139,3.042,3.075,2.145,24.38,44.68,Etanol
257170,2.042,1.852,1.584,24.38,44.68,Etanol
259201,2.145,2.305,1.828,24.39,44.68,Etanol
261232,2.335,2.518,1.814,24.39,44.66,Etanol
263263,3.413,2.896,2.152,24.39,44.65,Etanol
265294,2.112,2.263,1.712,24.39,44.64,Etanol
267325,3.174,2.885,2.157,24.40,44.62,Etanol
269356,2.116,2.182,1.750,24.40,44.59,Etanol
271387,2.726,2.907,2.098,24.41,44.55,Etanol
273418,2.093,2.177,1.628,24.41,44.54,Etanol
275449,2.412,2.473,1.989,24.41,44.50,Etanol
277480,3.591,2.820,2.091,24.41,44.48,Etanol
279511,1.925,1.906,1.458,24.42,44.47,Etanol
281542,1.818,2.011,1.525,24.42,44.43,Etanol
283573,3.270,2.740,2.157,24.42,44.39,Etanol
285604,2.308,2.485,2.020,24.43,44.39,Etanol
287635,2.179,2.297,1.758,24.43,44.35,Etanol
289666,2.179,2.022,1.569,24.44,44.34,Etanol
291697,3.153,3.638,2.232,24.43,44.30,Etanol
293728,2.479,2.447,1.882,24.44,44.30,Etanol
295759,2.430,2.368,1.944,24.45,44.28,Etanol
297790,2.689,2.533,2.029,24.45,44.30,Etanol
299821,2.393,2.713,2.084,24.45,44.30,Etanol
301852,2.960,3.380,2.070,24.45,44.33,Etanol
303883,3.795,3.575,1.967,24.45,44.32,Etanol
305914,1.993,1.866,1.607,24.45,44.33,Etanol
307945,2.136,2.580,1.689,24.46,44.32,Etanol
309976,2.170,2.404,1.842,24.46,44.32,Etanol
312007,2.747,2.845,2.152,24.46,44.30,Etanol
314038,2.056,1.927,1.685,24.47,44.25,Etanol
316069,2.145,2.145,1.790,24.47,44.26,Etanol
318100,2.778,2.795,1.942,24.47,44.25,Etanol
320131,2.074,2.027,1.553,24.47,44.25,Etanol
322162,2.038,2.313,1.872,24.48,44.27,Etanol
324193,2.332,1.927,1.517,24.48,44.30,Etanol
326224,2.447,2.561,1.906,24.48,44.33,Etanol
328255,1.957,2.148,1.553,24.49,44.35,Etanol
330286,2.699,2.689,1.974,24.49,44.35,Etanol
332317,1.896,1.946,1.474,24.49,44.35,Etanol
334348,2.184,2.011,1.739,24.49,44.38,Etanol
336379,2.673,2.999,2.088,24.50,44.37,Etanol
338410,1.902,1.933,1.506,24.50,44.36,Etanol
340441,2.506,2.155,1.659,24.50,44.35,Etanol
342472,2.473,2.820,1.923,24.51,44.32,Etanol
344503,3.520,4.467,2.273,24.50,44.32,Etanol
346534,3.581,2.430,1.976,24.51,44.30,Etanol
348565,2.852,2.424,1.771,24.51,44.30,Etanol
350596,3.740,3.940,2.305,24.51,44.29,Etanol
352627,2.509,2.816,1.921,24.52,44.30,Etanol
354658,2.136,2.321,1.577,24.52,44.27,Etanol
356689,2.077,2.100,1.786,24.52,44.23,Etanol
358720,3.510,2.878,2.077,24.53,44.20,Etanol
360751,2.292,2.567,1.894,24.53,44.19,Etanol
362782,2.116,2.027,1.682,24.53,44.17,Etanol
364813,2.713,2.736,2.136,24.54,44.14,Etanol
366844,1.965,2.024,1.613,24.54,44.15,Etanol
368875,2.450,2.999,2.074,24.54,44.13,Etanol
370906,1.985,1.904,1.559,24.54,44.12,Etanol
372937,2.031,2.074,1.698,24.55,44.14,Etanol
374968,3.095,3.734,2.214,24.55,44.12,Etanol
376999,1.872,1.978,1.630,24.55,44.11,Etanol
379030,2.549,1.938,1.687,24.55,44.10,Etanol
381061,3.187,3.801,2.284,24.56,44.06,Etanol
383092,2.281,2.121,1.639,24.56,44.03,Etanol
385123,2.827,2.212,1.826,24.56,44.01,Etanol
387154,2.838,3.050,2.095,24.57,44.02,Etanol
389185,2.719,2.621,2.061,24.56,43.97,Etanol
391216,2.634,2.767,2.093,24.56,43.94,Etanol
393247,2.723,3.046,2.098,24.57,43.93,Etanol
395278,2.764,2.824,2.162,24.57,43.89,Etanol
397309,2.542,2.656,2.079,24.58,43.86,Etanol
399340,2.450,2.521,1.840,24.58,43.88,Etanol
401371,2.109,2.079,1.809,24.58,43.85,Etanol
403402,2.136,2.396,1.628,24.59,43.80,Etanol
405433,2.232,1.952,1.689,24.58,43.81,Etanol
407464,3.846,3.174,2.219,24.58,43.80,Etanol
409495,2.743,3.456,2.155,24.58,43.76,Etanol
411526,2.999,3.408,2.258,24.58,43.75,Etanol
413557,2.949,3.653,2.219,24.59,43.73,Etanol
415588,2.401,2.806,2.093,24.59,43.74,Etanol
417619,2.726,2.806,1.967,24.59,43.73,Etanol
419650,2.036,2.121,1.741,24.59,43.71,Etanol
421681,2.124,2.232,1.793,24.59,43.69,Etanol
423712,2.056,2.128,1.618,24.60,43.64,Etanol
425743,2.004,1.993,1.564,24.60,43.60,Etanol
427774,3.515,2.666,2.170,24.60,43.56,Etanol
429805,2.555,2.834,1.996,24.60,43.54,Etanol
431836,2.308,2.263,1.818,24.60,43.53,Etanol
433867,2.081,1.910,1.572,24.60,43.48,Etanol
435898,2.376,2.570,1.844,24.60,43.49,Etanol
437929,3.823,2.561,1.944,24.61,43.46,Etanol
439960,2.145,2.143,1.663,24.61,43.40,Etanol
441991,2.404,2.031,1.732,24.61,43.41,Etanol
444022,2.820,2.476,1.974,24.61,43.35,Etanol
446053,3.394,3.606,2.136,24.61,43.34,Etanol
448084,1.938,2.067,1.608,24.61,43.33,Etanol
450115,2.430,2.362,1.856,24.62,43.30,Etanol
452146,2.049,1.894,1.539,24.62,43.27,Etanol
454177,2.624,3.222,2.084,24.62,43.24,Etanol
456208,2.292,2.900,1.854,24.62,43.19,Etanol
458239,2.150,2.250,1.765,24.62,43.19,Etanol
460270,1.996,2.368,1.822,24.62,43.17,Etanol
462301,2.435,2.533,1.929,24.62,43.18,Etanol
464332,2.841,2.733,1.967,24.62,43.16,Etanol
466363,3.550,3.398,2.107,24.62,43.15,Etanol
468394,2.182,1.925,1.618,24.62,43.15,Etanol
470425,1.993,1.983,1.548,24.62,43.13,Etanol
472456,2.160,1.880,1.615,24.62,43.12,Etanol
474487,1.872,1.952,1.628,24.62,43.10,Etanol
476518,2.245,2.116,1.553,24.63,43.06,Etanol
478549,2.070,2.065,1.625,24.62,43.02,Etanol
480580,2.098,1.985,1.657,24.62,42.96,Etanol
482611,2.067,2.148,1.765,24.63,42.93,Etanol
484642,2.247,2.065,1.649,24.63,42.90,Etanol
486673,2.512,2.357,1.717,24.63,42.90,Etanol
488704,2.086,2.131,1.758,24.63,42.90,Etanol
490735,2.545,2.676,1.915,24.63,42.84,Etanol
492766,2.418,2.503,2.140,24.63,42.85,Etanol
494797,2.462,2.753,1.965,24.63,42.82,Etanol
496828,2.152,2.124,1.743,24.64,42.81,Etanol
498859,2.002,2.084,1.763,24.64,42.79,Etanol
500890,3.217,3.627,2.088,24.64,42.76,Etanol
502921,2.079,2.182,1.769,24.64,42.73,Etanol
504952,2.605,3.261,2.140,24.64,42.68,Etanol
506983,2.074,2.091,1.542,24.63,42.68,Etanol
509014,2.194,2.007,1.694,24.64,42.65,Etanol
511045,2.552,2.589,2.091,24.64,42.61,Etanol
513076,2.792,3.622,2.157,24.64,42.60,Etanol
515107,2.509,2.093,1.750,24.64,42.60,Etanol
517138,2.081,2.387,1.511,24.64,42.59,Etanol
519169,2.229,2.058,1.818,24.64,42.57,Etanol
521200,1.980,2.354,1.856,24.64,42.56,Etanol
523231,2.564,3.217,2.194,24.64,42.54,Etanol
525262,2.100,1.940,1.595,24.64,42.54,Etanol
527293,2.155,2.027,1.652,24.64,42.53,Etanol
529324,2.271,2.121,1.732,24.64,42.50,Etanol
531355,2.343,2.370,1.882,24.64,42.49,Etanol
533386,2.900,3.179,2.070,24.64,42.48,Etanol
535417,2.456,2.354,1.752,24.64,42.46,Etanol
537448,2.072,2.054,1.666,24.65,42.45,Etanol
539479,1.987,2.056,1.746,24.64,42.42,Etanol
541510,2.250,2.676,1.816,24.64,42.39,Etanol
543541,2.093,2.521,1.952,24.64,42.39,Etanol
545572,2.189,3.015,2.038,24.64,42.39,Etanol
547603,2.953,2.849,1.998,24.64,42.40,Etanol
549634,2.379,2.297,1.790,24.64,42.37,Etanol
551665,2.172,2.150,1.904,24.64,42.36,Etanol
553696,2.227,1.935,1.532,24.64,42.35,Etanol
555727,3.248,2.112,2.067,24.64,42.33,Etanol
557758,2.379,2.297,1.776,24.65,42.28,Etanol
559789,1.795,2.084,1.569,24.65,42.27,Etanol
561820,2.310,2.124,1.745,24.65,42.25,Etanol
563851,2.666,2.949,2.038,24.65,42.22,Etanol
565882,1.880,1.996,1.602,24.64,42.21,Etanol
567913,2.112,1.950,1.625,24.65,42.20,Etanol
569944,3.398,3.729,2.197,24.64,42.19,Etanol
571975,1.921,2.020,1.585,24.65,42.17,Etanol
574006,2.329,2.177,1.822,24.65,42.17,Etanol
576037,2.656,3.063,2.165,24.65,42.14,Etanol
578068,3.570,2.552,2.086,24.65,42.12,Etanol
580099,2.056,1.987,1.625,24.65,42.09,Etanol
582130,2.079,2.194,1.689,24.65,42.06,Etanol
584161,2.583,2.634,2.160,24.64,42.04,Etanol
586192,2.964,3.846,2.107,24.64,42.01,Etanol
588223,3.343,3.191,1.978,24.65,41.98,Etanol
590254,2.605,2.237,1.682,24.65,42.01,Etanol
592285,1.894,1.933,1.580,24.65,42.00,Etanol
594316,1.921,2.042,1.719,24.65,42.00,Etanol
596347,2.114,2.091,1.732,24.65,41.98,Etanol
598378,2.987,3.019,2.109,24.65,41.96,Etanol
600409,1.884,2.114,1.500,24.65,41.95,Etanol
602440,2.302,2.289,1.719,24.64,41.94,Etanol
604471,2.753,2.750,2.084,24.64,41.96,Etanol
606502,3.863,3.701,2.194,24.64,42.00,Etanol
608533,3.591,3.380,2.362,24.64,42.03,Etanol
610564,3.091,3.510,2.287,24.64,42.06,Etanol
612595,2.294,2.222,1.813,24.63,42.05,Etanol
614626,2.373,1.974,1.595,24.63,42.08,Etanol
616657,2.093,2.167,1.708,24.63,42.10,Etanol
618688,2.530,2.922,2.194,24.63,42.12,Etanol
620719,2.456,2.131,1.650,24.63,42.12,Etanol
622750,2.237,2.174,1.635,24.63,42.10,Etanol
624781,1.970,2.084,1.828,24.63,42.02,Etanol
626812,2.733,2.831,2.058,24.63,41.99,Etanol
628843,2.838,2.611,1.761,24.62,42.00,Etanol
630874,1.987,2.045,1.574,24.62,42.02,Etanol
632905,2.157,2.160,1.694,24.62,42.05,Etanol
634936,2.140,2.155,1.741,24.62,42.08,Etanol
636967,2.219,2.268,1.598,24.62,42.06,Etanol
638998,2.145,2.404,1.750,24.62,42.05,Etanol
641029,2.427,2.730,2.018,24.62,42.06,Etanol
643060,1.874,2.054,1.593,24.62,42.07,Etanol
645091,2.088,2.245,1.993,24.62,42.03,Etanol
647122,2.036,2.105,1.635,24.62,41.97,Etanol
649153,3.116,2.273,1.866,24.62,41.94,Etanol
651184,2.686,3.091,1.935,24.62,41.93,Etanol
653215,2.281,2.287,1.880,24.62,41.89,Etanol
655246,2.105,2.398,1.826,24.62,41.89,Etanol
657277,2.086,2.199,1.708,24.62,41.88,Etanol
659308,1.876,2.011,1.502,24.62,41.86,Etanol
661339,3.408,3.691,2.247,24.62,41.86,Etanol
663370,2.316,2.467,2.070,24.62,41.80,Etanol
665401,2.138,2.124,1.685,24.62,41.78,Etanol
667432,3.170,2.907,1.892,24.62,41.75,Etanol
669463,2.459,2.462,2.063,24.61,41.75,Etanol
671494,2.415,2.726,1.657,24.62,41.74,Etanol
673525,2.140,2.247,1.703,24.62,41.73,Etanol
675556,2.357,2.126,1.850,24.62,41.69,Etanol
677587,2.294,2.212,1.750,24.62,41.66,Etanol
679618,2.116,2.088,1.725,24.62,41.69,Etanol
681649,2.415,2.245,1.699,24.62,41.63,Etanol
683680,2.258,2.088,1.743,24.62,41.60,Etanol
685711,2.281,2.160,1.640,24.62,41.58,Etanol
687742,2.072,2.209,1.803,24.62,41.56,Etanol
689773,1.931,2.024,1.526,24.62,41.53,Etanol
691804,2.757,2.260,1.714,24.62,41.50,Etanol
693835,2.598,2.327,1.813,24.62,41.48,Etanol
695866,1.972,1.862,1.540,24.62,41.49,Etanol
697897,2.343,2.733,1.809,24.62,41.48,Etanol
699928,2.187,2.545,1.868,24.62,41.46,Etanol
701959,3.432,3.852,2.245,24.62,41.43,Etanol
703990,2.000,1.868,1.598,24.62,41.41,Etanol
706021,2.054,2.051,1.569,24.62,41.40,Etanol
708052,2.054,1.959,1.520,24.62,41.37,Etanol
710083,2.820,3.525,2.308,24.61,41.41,Etanol
712114,2.346,2.482,1.830,24.62,41.42,Etanol
714145,2.503,2.136,1.615,24.61,41.44,Etanol
716176,2.207,2.373,1.822,24.62,41.45,Etanol
718207,2.488,2.273,1.597,24.61,41.42,Etanol
720238,2.212,2.072,1.805,24.61,41.40,Etanol
722269,4.012,3.632,2.024,24.61,41.40,Etanol
724300,2.263,2.160,1.647,24.61,41.41,Etanol
726331,2.362,2.476,1.910,24.61,41.40,Etanol
728362,2.999,3.887,2.329,24.61,41.39,Etanol
730393,2.407,2.430,1.761,24.61,41.34,Etanol
732424,1.948,2.170,1.600,24.61,41.33,Etanol
734455,2.091,2.335,1.773,24.61,41.30,Etanol
736486,2.503,2.271,2.040,24.61,41.30,Etanol
738517,3.087,2.627,2.047,24.61,41.32,Etanol
740548,2.116,2.348,1.689,24.61,41.32,Etanol
742579,2.693,2.340,1.759,24.61,41.31,Etanol
744610,2.114,2.194,1.708,24.61,41.29,Etanol
746641,3.301,2.740,2.045,24.61,41.28,Etanol
748672,2.124,2.107,1.786,24.61,41.23,Etanol
750703,3.079,2.160,1.874,24.61,41.26,Etanol
752734,2.051,2.570,1.838,24.61,41.25,Etanol
754765,1.830,1.931,1.532,24.61,41.24,Etanol
756796,3.525,4.112,2.393,24.61,41.22,Etanol
758827,2.485,2.549,1.904,24.61,41.28,Etanol
760858,2.580,2.660,1.961,24.61,41.27,Etanol
762889,2.165,2.124,1.763,24.61,41.24,Etanol
764920,3.003,2.558,2.088,24.61,41.23,Etanol
766951,4.138,2.595,2.040,24.61,41.24,Etanol
768982,2.170,2.396,1.795,24.61,41.23,Etanol
771013,3.394,3.946,2.192,24.61,41.24,Etanol
773044,2.081,2.029,1.649,24.61,41.22,Etanol
775075,3.812,2.934,1.983,24.61,41.21,Etanol
777106,2.174,2.365,1.649,24.61,41.20,Etanol
779137,2.235,2.637,1.811,24.61,41.19,Etanol
781168,2.570,2.605,1.927,24.61,41.16,Etanol
783199,2.795,3.046,2.074,24.61,41.17,Etanol
785230,2.365,2.310,1.824,24.61,41.13,Etanol
787261,2.015,2.112,1.590,24.61,41.12,Etanol
789292,2.785,2.706,1.963,24.60,41.11,Etanol
791323,2.482,2.045,1.668,24.60,41.07,Etanol
793354,2.072,2.027,1.758,24.60,41.08,Etanol
795385,2.179,1.809,1.659,24.61,41.07,Etanol
797416,2.119,2.287,1.739,24.60,41.06,Etanol
799447,2.182,2.084,1.784,24.60,41.05,Etanol
801478,2.473,2.555,1.886,24.60,41.04,Etanol
803509,3.560,3.124,2.074,24.61,41.02,Etanol
805540,2.128,2.189,1.730,24.61,41.02,Etanol
807571,2.723,3.157,2.114,24.60,40.99,Etanol
809602,2.138,2.109,1.756,24.60,40.96,Etanol
811633,2.192,2.086,1.622,24.60,40.99,Etanol
813664,2.621,3.898,2.222,24.60,41.01,Etanol
815695,2.699,2.536,2.007,24.60,41.01,Etanol
817726,2.214,2.573,1.989,24.60,41.00,Etanol
819757,2.150,2.384,1.913,24.60,40.98,Etanol
821788,2.162,2.321,1.795,24.60,41.03,Etanol
823819,2.308,2.570,1.931,24.60,40.97,Etanol
825850,3.916,3.187,2.160,24.60,40.97,Etanol
827881,2.126,2.276,1.668,24.60,40.98,Etanol
829912,2.583,2.806,1.972,24.60,40.98,Etanol
831943,2.029,2.007,1.454,24.60,40.96,Etanol
833974,2.033,2.589,1.657,24.60,40.98,Etanol
836005,2.107,2.033,1.852,24.60,40.98,Etanol
838036,2.329,2.250,1.739,24.60,40.97,Etanol
840067,2.004,2.081,1.725,24.60,40.96,Etanol
842098,2.133,2.033,1.615,24.60,40.96,Etanol
844129,4.049,3.239,2.162,24.59,40.98,Etanol
846160,2.318,2.382,1.805,24.59,40.94,Etanol
848191,1.996,1.874,1.506,24.59,40.94,Etanol
850222,2.470,2.573,2.077,24.60,40.95,Etanol
852253,2.077,2.045,1.563,24.59,40.94,Etanol
854284,2.583,2.781,1.983,24.59,40.93,Etanol
856315,1.978,2.063,1.585,24.60,40.93,Etanol
858346,2.245,2.530,1.850,24.59,40.94,Etanol
860377,2.310,2.143,1.522,24.59,40.94,Etanol
862408,2.512,2.459,1.925,24.59,40.92,Etanol
864439,2.150,2.140,1.657,24.59,40.91,Etanol
866470,2.170,2.148,1.696,24.59,40.90,Etanol
868501,2.204,2.240,1.712,24.59,40.90,Etanol
870532,2.136,2.095,1.689,24.59,40.89,Etanol
872563,2.795,2.611,2.063,24.59,40.89,Etanol
874594,3.550,3.740,2.359,24.59,40.90,Etanol
876625,1.848,1.878,1.671,24.59,40.92,Etanol
878656,2.187,2.040,1.840,24.59,40.88,Etanol
880687,2.874,3.042,2.107,24.58,40.87,Etanol
882718,2.140,1.927,1.545,24.59,40.87,Etanol
884749,2.009,1.972,1.656,24.58,40.88,Etanol
886780,2.430,2.109,1.645,24.59,40.85,Etanol
888811,2.224,2.140,1.696,24.58,40.85,Etanol
890842,2.172,2.136,1.663,24.59,40.85,Etanol
892873,2.716,2.567,2.049,24.58,40.82,Etanol
894904,2.091,2.126,1.734,24.59,40.85,Etanol
896935,2.567,3.270,2.051,24.58,40.83,Etanol
898966,1.974,2.084,1.551,24.58,40.83,Etanol
900997,2.281,2.300,1.723,24.58,40.85,Etanol
903028,3.432,3.789,2.212,24.58,40.79,Etanol
905059,1.910,2.102,1.582,24.58,40.82,Etanol
907090,1.874,2.128,1.750,24.58,40.79,Etanol
909121,3.510,3.835,2.160,24.58,40.82,Etanol
911152,2.036,2.067,1.574,24.58,40.84,Etanol
913183,2.121,2.197,1.683,24.58,40.83,Etanol
915214,3.466,3.946,2.112,24.58,40.83,Etanol
917245,2.268,2.157,1.752,24.58,40.85,Etanol
919276,2.232,2.131,1.741,24.57,40.89,Etanol
921307,3.157,3.495,2.170,24.57,40.94,Etanol
923338,2.494,3.103,2.093,24.57,40.94,Etanol
925369,2.297,2.795,2.152,24.57,40.92,Etanol
927400,2.549,2.703,1.921,24.57,40.92,Etanol
929431,1.998,2.318,1.640,24.57,40.91,Etanol
931462,2.086,2.332,1.807,24.57,40.92,Etanol
933493,2.088,2.255,1.767,24.57,40.94,Etanol
935524,1.948,2.197,1.525,24.57,40.89,Etanol
937555,2.415,2.209,1.710,24.57,40.88,Etanol
939586,2.938,3.087,2.065,24.57,40.85,Etanol
941617,2.438,2.292,1.708,24.57,40.84,Etanol
943648,2.427,2.091,1.663,24.57,40.81,Etanol
945679,1.942,2.004,1.597,24.57,40.81,Etanol
947710,3.490,3.622,2.182,24.57,40.81,Etanol
949741,2.653,2.627,2.084,24.57,40.81,Etanol
951772,2.297,2.084,1.676,24.57,40.77,Etanol
953803,2.004,2.160,1.659,24.56,40.76,Etanol
955834,3.480,3.301,2.348,24.57,40.76,Etanol
957865,2.482,2.217,1.786,24.56,40.74,Etanol
959896,1.898,2.054,1.548,24.56,40.76,Etanol
961927,3.846,3.394,2.184,24.56,40.78,Etanol
963958,2.683,2.795,1.900,24.56,40.80,Etanol
965989,2.187,2.157,1.680,24.56,40.80,Etanol
968020,2.024,1.996,1.588,24.56,40.80,Etanol
970051,2.991,3.413,2.098,24.55,40.81,Etanol
972082,2.009,2.128,1.834,24.56,40.79,Etanol
974113,2.143,2.351,1.767,24.55,40.77,Etanol
976144,2.549,2.337,1.656,24.55,40.79,Etanol
978175,2.570,2.957,2.086,24.55,40.72,Etanol
980206,2.376,2.065,1.763,24.55,40.73,Etanol
982237,1.991,2.018,1.579,24.55,40.72,Etanol
984268,2.706,2.418,2.036,24.55,40.72,Etanol
986299,2.088,2.627,1.689,24.55,40.71,Etanol
988330,3.691,3.675,2.224,24.55,40.73,Etanol
990361,1.868,2.359,1.782,24.55,40.72,Etanol
992392,2.045,2.284,1.696,24.55,40.68,Etanol
994423,2.042,1.874,1.525,24.55,40.69,Etanol
996454,3.675,3.480,2.294,24.55,40.70,Etanol
998485,2.530,2.896,2.002,24.55,40.70,Etanol
1000516,2.527,2.536,2.011,24.55,40.70,Etanol
1002547,2.165,2.354,1.650,24.54,40.70,Etanol
1004578,2.182,2.143,1.701,24.54,40.70,Etanol
1006609,1.864,2.184,1.502,24.54,40.69,Etanol
1008640,3.892,3.570,2.194,24.54,40.67,Etanol
1010671,2.084,2.029,1.678,24.54,40.71,Etanol
1012702,3.581,3.311,2.148,24.54,40.69,Etanol
1014733,2.126,2.102,1.763,24.54,40.68,Etanol
1016764,2.640,2.747,2.009,24.54,40.67,Etanol
1018795,2.852,2.473,1.931,24.54,40.66,Etanol
1020826,2.204,2.268,1.698,24.54,40.64,Etanol
1022857,2.904,3.745,1.950,24.54,40.64,Etanol
1024888,2.170,2.187,1.605,24.54,40.61,Etanol
1026919,3.964,3.570,2.194,24.54,40.62,Etanol
1028950,2.479,2.518,2.038,24.54,40.62,Etanol
1030981,2.287,2.250,1.739,24.54,40.63,Etanol
1033012,2.093,2.284,1.590,24.54,40.65,Etanol
1035043,3.490,3.490,2.214,24.53,40.66,Etanol
1037074,2.112,2.235,1.689,24.54,40.62,Etanol
1039105,2.038,2.065,1.514,24.54,40.61,Etanol
1041136,3.441,3.490,2.321,24.53,40.61,Etanol
1043167,2.365,2.255,1.813,24.53,40.60,Etanol
1045198,2.155,2.172,1.717,24.53,40.60,Etanol
1047229,2.126,2.072,1.732,24.54,40.60,Etanol
1049260,2.351,2.047,1.597,24.54,40.57,Etanol
1051291,2.121,2.074,1.717,24.53,40.58,Etanol
1053322,2.415,2.152,1.671,24.53,40.55,Etanol
1055353,2.491,2.177,1.650,24.53,40.56,Etanol
1057384,2.027,2.077,1.615,24.53,40.57,Etanol
1059415,2.072,2.219,1.716,24.53,40.53,Etanol
1061446,2.245,2.058,1.632,24.53,40.49,Etanol
1063477,2.179,2.170,1.607,24.53,40.51,Etanol
1065508,2.237,2.042,1.683,24.53,40.47,Etanol
1067539,1.942,2.124,1.598,24.53,40.48,Etanol
1069570,2.757,2.126,1.786,24.52,40.50,Etanol
1071601,2.747,3.701,1.957,24.52,40.56,Etanol
1073632,2.576,2.795,1.965,24.52,40.64,Etanol
1075663,2.370,2.297,1.814,24.52,40.66,Etanol
1077694,2.131,2.088,1.529,24.52,40.65,Etanol
1079725,2.580,2.558,1.950,24.52,40.71,Etanol
1081756,2.643,2.878,2.128,24.52,40.69,Etanol
1083787,2.112,2.229,1.774,24.52,40.70,Etanol
1085818,2.561,2.184,1.645,24.52,40.72,Etanol
1087849,3.058,3.311,2.100,24.52,40.72,Etanol
1089880,2.418,2.549,1.967,24.52,40.73,Etanol
1091911,2.340,2.217,1.828,24.51,40.75,Etanol
1093942,2.407,2.165,1.673,24.52,40.74,Etanol
1095973,2.346,2.726,1.884,24.52,40.73,Etanol
1098004,3.038,3.375,2.194,24.52,40.75,Etanol
1100035,2.387,1.878,1.635,24.51,40.72,Etanol
1102066,2.107,2.084,1.588,24.51,40.73,Etanol
1104097,2.634,2.512,1.880,24.51,40.71,Etanol
1106128,3.510,2.157,2.098,24.51,40.71,Etanol
1108159,2.086,2.095,1.588,24.51,40.70,Etanol
1110190,2.227,2.065,1.639,24.51,40.70,Etanol
1112221,2.086,2.555,1.872,24.51,40.69,Etanol
1114252,2.567,2.640,1.790,24.51,40.70,Etanol
1116283,2.255,2.273,1.832,24.51,40.69,Etanol
1118314,2.177,2.065,1.666,24.51,40.65,Etanol
1120345,2.024,1.980,1.682,24.51,40.65,Etanol
1122376,2.453,2.074,1.701,24.50,40.63,Etanol
1124407,3.067,3.461,2.351,24.51,40.62,Etanol
1126438,2.683,2.653,1.913,24.51,40.62,Etanol
1128469,2.444,2.148,1.725,24.50,40.61,Etanol
1130500,2.224,2.302,1.649,24.51,40.59,Etanol
1132531,2.007,2.155,1.615,24.50,40.59,Etanol
1134562,2.945,2.760,2.095,24.50,40.56,Etanol
1136593,2.960,3.120,2.212,24.50,40.58,Etanol
1138624,2.555,2.634,1.961,24.50,40.58,Etanol
1140655,2.354,2.022,1.782,24.50,40.58,Etanol
1142686,2.136,2.051,1.647,24.50,40.57,Etanol
1144717,2.131,2.172,1.669,24.50,40.56,Etanol
1146748,2.179,2.346,1.659,24.50,40.58,Etanol
1148779,2.281,2.145,1.687,24.50,40.57,Etanol
1150810,2.368,1.955,1.723,24.50,40.58,Etanol
1152841,3.011,2.750,2.138,24.50,40.55,Etanol
1154872,3.239,3.829,2.004,24.50,40.53,Etanol
1156903,2.138,1.940,1.536,24.50,40.54,Etanol
1158934,2.289,2.224,1.774,24.50,40.51,Etanol
1160965,2.470,2.433,1.933,24.49,40.50,Etanol
1162996,3.525,3.361,2.362,24.49,40.51,Etanol
1165027,2.247,2.024,1.556,24.49,40.52,Etanol
1167058,2.074,2.119,1.739,24.49,40.52,Etanol
1169089,2.555,2.838,2.022,24.49,40.54,Etanol
1171120,3.063,3.398,2.222,24.49,40.54,Etanol
1173151,2.771,2.379,1.780,24.49,40.53,Etanol
1175182,2.427,2.232,1.661,24.49,40.54,Etanol
1177213,3.111,2.321,1.955,24.49,40.54,Etanol
1179244,2.926,3.196,2.079,24.49,40.54,Etanol
1181275,2.387,2.683,1.963,24.49,40.51,Etanol
1183306,2.476,2.255,1.748,24.49,40.53,Etanol
1185337,2.343,2.182,1.517,24.49,40.52,Etanol
1187368,3.261,2.838,2.112,24.48,40.48,Etanol
1189399,2.049,2.100,1.489,24.49,40.47,Etanol
1191430,1.972,2.172,1.836,24.49,40.46,Etanol
1193461,3.751,3.643,2.148,24.49,40.45,Etanol
1195492,2.027,2.305,1.659,24.49,40.48,Etanol
1197523,2.343,2.781,1.870,24.49,40.48,Etanol
1199554,2.107,2.031,1.518,24.48,40.50,Etanol
1201585,2.656,2.809,1.882,24.49,40.53,Etanol
1203616,2.271,2.170,1.595,24.49,40.54,Etanol
1205647,3.881,4.759,2.177,24.49,40.55,Etanol
1207678,2.157,2.473,1.862,24.48,40.57,Etanol
1209709,2.390,2.192,1.793,24.48,40.57,Etanol
1211740,2.187,2.136,1.553,24.48,40.57,Etanol
1213771,2.107,2.067,1.563,24.48,40.57,Etanol
1215802,3.869,3.767,2.250,24.48,40.59,Etanol
1217833,2.845,2.627,1.888,24.48,40.59,Etanol
1219864,2.316,2.292,1.597,24.48,40.58,Etanol
1221895,2.726,3.279,2.042,24.48,40.57,Etanol
1223926,2.255,2.107,1.612,24.48,40.57,Etanol
1225957,2.778,2.896,2.170,24.48,40.56,Etanol
1227988,2.074,2.329,1.558,24.48,40.57,Etanol
1230019,2.387,2.747,1.797,24.48,40.53,Etanol
1232050,3.510,2.778,1.965,24.47,40.54,Etanol
1234081,2.340,2.155,1.692,24.48,40.57,Etanol
1236112,2.390,2.116,1.712,24.47,40.55,Etanol
1238143,2.627,2.589,1.970,24.47,40.57,Etanol
1240174,2.362,1.876,1.607,24.47,40.53,Etanol
1242205,2.382,2.666,1.784,24.47,40.57,Etanol
1244236,1.898,2.020,1.540,24.47,40.56,Etanol
1246267,2.792,3.141,2.018,24.46,40.57,Etanol
1248298,2.160,2.305,1.671,24.47,40.55,Etanol
1250329,2.131,2.072,1.585,24.47,40.54,Etanol
1252360,3.217,3.338,2.020,24.46,40.59,Etanol
1254391,2.730,2.953,1.991,24.45,40.66,Etanol
1256422,1.985,2.177,1.719,24.45,40.69,Etanol
1258453,2.242,2.138,1.547,24.45,40.73,Etanol
1260484,1.967,2.067,1.598,24.45,40.78,Etanol
1262515,2.098,1.959,1.474,24.45,40.81,Etanol
1264546,3.222,2.433,1.814,24.44,40.83,Etanol
1266577,3.994,4.381,2.362,24.44,40.83,Etanol
1268608,3.887,3.669,2.126,24.44,40.82,Etanol
1270639,2.841,2.860,2.140,24.44,40.82,Etanol
1272670,2.621,2.491,2.056,24.44,40.79,Etanol
1274701,2.736,2.764,1.799,24.44,40.76,Etanol
1276732,2.318,2.809,1.925,24.44,40.75,Etanol
1278763,2.150,2.263,1.864,24.44,40.73,Etanol
1280794,2.172,2.095,1.615,24.43,40.74,Etanol
1282825,2.570,2.033,1.675,24.43,40.76,Etanol
1284856,2.390,2.696,2.138,24.43,40.79,Etanol
1286887,2.494,2.077,1.714,24.43,40.79,Etanol
1288918,2.396,2.237,1.633,24.43,40.78,Etanol
1290949,2.421,2.799,1.970,24.43,40.78,Etanol
1292980,4.012,4.735,2.281,24.43,40.78,Etanol
1295011,2.009,2.091,1.703,24.43,40.74,Etanol
1297042,2.162,2.172,1.790,24.43,40.75,Etanol
1299073,3.718,3.745,2.157,24.42,40.71,Etanol
1301104,2.202,2.131,1.673,24.43,40.69,Etanol
1303135,2.709,2.980,1.950,24.42,40.68,Etanol
1305166,2.031,2.136,1.650,24.43,40.68,Etanol
1307197,3.099,3.343,2.179,24.42,40.66,Etanol
1309228,2.232,2.170,1.656,24.43,40.66,Etanol
1311259,3.685,2.980,2.227,24.42,40.69,Etanol
1313290,2.155,2.438,1.842,24.42,40.69,Etanol
1315321,2.204,2.114,1.682,24.43,40.66,Etanol
125155,2.515,2.441,1.890,24.32,45.27,Recuperacao2
127186,2.686,2.637,1.957,24.32,45.40,Recuperacao2
129217,2.689,2.650,2.024,24.33,45.48,Recuperacao2
131248,2.365,2.788,1.874,24.33,45.54,Recuperacao2
133279,2.284,2.318,1.793,24.32,45.58,Recuperacao2
135310,2.105,2.157,1.587,24.32,45.61,Recuperacao2
137341,1.925,2.121,1.514,24.32,45.65,Recuperacao2
139372,3.145,3.751,2.255,24.32,45.66,Recuperacao2
141403,2.138,2.459,1.842,24.32,45.71,Recuperacao2
143434,2.184,2.212,1.588,24.32,45.65,Recuperacao2
145465,3.128,2.473,2.013,24.32,45.65,Recuperacao2
147496,1.955,2.567,1.844,24.31,45.67,Recuperacao2
149527,2.049,1.963,1.584,24.31,45.64,Recuperacao2
151558,2.874,3.128,2.095,24.31,45.65,Recuperacao2
153589,2.219,2.058,1.846,24.31,45.65,Recuperacao2
155620,2.056,2.100,1.517,24.31,45.66,Recuperacao2
157651,2.764,3.023,1.989,24.31,45.67,Recuperacao2
159682,2.093,2.145,1.807,24.30,45.65,Recuperacao2
161713,2.605,2.107,1.734,24.30,45.64,Recuperacao2
163744,1.983,2.237,1.852,24.30,45.64,Recuperacao2
165775,2.340,1.942,1.518,24.30,45.63,Recuperacao2
167806,2.224,2.279,1.884,24.30,45.64,Recuperacao2
169837,2.683,2.232,1.687,24.30,45.63,Recuperacao2
171868,2.294,1.967,1.680,24.30,45.64,Recuperacao2
173899,3.403,3.994,2.324,24.30,45.63,Recuperacao2
175930,2.022,2.124,1.575,24.30,45.61,Recuperacao2
177961,2.602,2.930,1.944,24.30,45.58,Recuperacao2
179992,2.441,2.179,1.585,24.30,45.58,Recuperacao2
182023,2.133,2.063,1.553,24.30,45.58,Recuperacao2
184054,2.506,2.497,1.832,24.29,45.55,Recuperacao2
186085,3.994,3.946,2.297,24.30,45.54,Recuperacao2
188116,2.778,3.591,2.138,24.29,45.52,Recuperacao2
190147,2.630,3.007,2.011,24.29,45.49,Recuperacao2
192178,2.119,2.145,1.894,24.29,45.50,Recuperacao2
194209,2.202,2.329,1.717,24.29,45.46,Recuperacao2
196240,2.421,2.242,1.618,24.29,45.47,Recuperacao2
198271,2.255,2.049,1.771,24.29,45.48,Recuperacao2
200302,2.266,2.689,1.816,24.29,45.51,Recuperacao2
202333,2.831,2.863,2.121,24.30,45.47,Recuperacao2
204364,2.494,2.561,1.754,24.29,45.47,Recuperacao2
206395,2.387,2.232,1.696,24.29,45.48,Recuperacao2
208426,2.640,2.852,2.189,24.29,45.50,Recuperacao2
210457,2.189,2.067,1.669,24.29,45.53,Recuperacao2
212488,2.838,2.753,2.007,24.29,45.51,Recuperacao2
214519,3.461,2.462,1.925,24.29,45.51,Recuperacao2
216550,2.051,2.187,1.642,24.28,45.51,Recuperacao2
218581,2.029,2.051,1.595,24.28,45.50,Recuperacao2
220612,2.279,2.138,1.687,24.28,45.51,Recuperacao2
222643,2.614,2.602,1.980,24.28,45.53,Recuperacao2
224674,2.174,2.308,1.610,24.28,45.52,Recuperacao2
226705,2.165,2.362,1.756,24.28,45.52,Recuperacao2
228736,2.536,2.542,1.970,24.28,45.52,Recuperacao2
230767,3.306,4.087,2.268,24.27,45.52,Recuperacao2
232798,1.967,1.910,1.536,24.27,45.52,Recuperacao2
234829,2.227,2.088,1.735,24.27,45.52,Recuperacao2
236860,2.827,2.362,1.832,24.27,45.51,Recuperacao2
238891,2.167,2.696,1.923,24.27,45.52,Recuperacao2
240922,2.362,2.013,1.547,24.27,45.54,Recuperacao2
242953,2.222,2.289,1.739,24.27,45.50,Recuperacao2
244984,3.659,3.075,2.018,24.27,45.50,Recuperacao2
247015,2.160,2.453,1.716,24.27,45.50,Recuperacao2
249046,2.583,2.530,1.944,24.27,45.50,Recuperacao2
251077,2.133,2.167,1.508,24.27,45.49,Recuperacao2
253108,2.308,2.235,1.691,24.28,45.49,Recuperacao2
255139,2.112,2.119,1.761,24.27,45.50,Recuperacao2
257170,2.795,2.788,1.976,24.28,45.52,Recuperacao2
259201,2.138,2.470,1.793,24.27,45.49,Recuperacao2
261232,2.300,2.063,1.666,24.27,45.49,Recuperacao2
263263,2.614,2.995,2.033,24.27,45.52,Recuperacao2
265294,2.150,2.207,1.745,24.27,45.48,Recuperacao2
267325,2.907,2.250,1.734,24.27,45.50,Recuperacao2
269356,2.726,2.650,1.980,24.27,45.49,Recuperacao2
271387,2.253,2.467,1.666,24.27,45.48,Recuperacao2
273418,2.095,2.515,1.580,24.27,45.48,Recuperacao2
275449,3.638,2.479,1.832,24.27,45.47,Recuperacao2
277480,2.957,3.046,2.070,24.27,45.47,Recuperacao2
279511,2.494,2.831,1.929,24.27,45.48,Recuperacao2
281542,2.255,2.412,1.862,24.27,45.48,Recuperacao2
283573,2.189,2.152,1.776,24.27,45.48,Recuperacao2
285604,2.255,2.170,1.650,24.27,45.47,Recuperacao2
287635,2.015,2.119,1.572,24.27,45.48,Recuperacao2
289666,2.900,2.456,1.814,24.27,45.46,Recuperacao2
291697,3.071,2.760,2.022,24.27,45.46,Recuperacao2
293728,2.179,2.368,1.661,24.27,45.45,Recuperacao2
295759,2.093,1.892,1.555,24.27,45.48,Recuperacao2
297790,3.067,3.601,2.204,24.27,45.47,Recuperacao2
299821,2.573,2.539,2.042,24.26,45.49,Recuperacao2
301852,2.515,2.592,1.878,24.27,45.47,Recuperacao2
303883,2.545,2.656,1.983,24.26,45.53,Recuperacao2
305914,2.627,2.589,1.908,24.27,45.51,Recuperacao2
307945,2.723,2.757,1.929,24.26,45.49,Recuperacao2
309976,3.149,3.740,2.202,24.27,45.47,Recuperacao2
312007,3.297,2.255,1.780,24.26,45.46,Recuperacao2
314038,1.921,2.015,1.492,24.26,45.46,Recuperacao2
316069,2.174,2.098,1.691,24.26,45.47,Recuperacao2
318100,2.753,2.860,1.944,24.26,45.46,Recuperacao2
320131,2.098,2.227,1.559,24.26,45.46,Recuperacao2
322162,2.802,3.132,2.058,24.25,45.46,Recuperacao2
324193,2.396,2.401,1.730,24.25,45.46,Recuperacao2
326224,2.387,2.266,1.730,24.25,45.45,Recuperacao2
328255,2.192,2.143,1.870,24.25,45.46,Recuperacao2
330286,2.570,2.733,2.086,24.25,45.46,Recuperacao2
332317,2.027,1.864,1.571,24.25,45.47,Recuperacao2
334348,2.235,2.302,1.678,24.25,45.48,Recuperacao2
336379,2.260,2.245,1.725,24.24,45.48,Recuperacao2
338410,2.145,2.396,1.696,24.25,45.48,Recuperacao2
340441,1.980,1.998,1.671,24.24,45.48,Recuperacao2
342472,3.427,3.174,2.242,24.24,45.48,Recuperacao2
344503,2.589,2.476,2.072,24.24,45.47,Recuperacao2
346534,2.074,2.172,1.795,24.24,45.46,Recuperacao2
348565,2.192,2.271,1.708,24.24,45.48,Recuperacao2
350596,2.002,2.093,1.561,24.24,45.47,Recuperacao2
352627,4.184,2.453,1.910,24.24,45.48,Recuperacao2
354658,2.666,2.497,2.015,24.23,45.49,Recuperacao2
356689,2.182,2.624,1.750,24.23,45.50,Recuperacao2
358720,2.271,2.310,1.778,24.23,45.51,Recuperacao2
360751,2.167,2.170,1.633,24.22,45.51,Recuperacao2
362782,2.027,2.302,1.628,24.22,45.50,Recuperacao2
364813,1.998,2.051,1.520,24.22,45.51,Recuperacao2
366844,2.305,1.963,1.590,24.22,45.51,Recuperacao2
368875,2.310,2.091,1.676,24.22,45.53,Recuperacao2
370906,3.784,3.007,2.119,24.22,45.54,Recuperacao2
372937,2.730,2.696,1.935,24.22,45.51,Recuperacao2
374968,1.965,2.733,1.828,24.21,45.51,Recuperacao2
376999,2.370,2.435,1.723,24.21,45.53,Recuperacao2
379030,1.902,2.124,1.563,24.21,45.53,Recuperacao2
381061,2.470,2.723,1.908,24.20,45.56,Recuperacao2
383092,2.214,2.214,1.649,24.21,45.58,Recuperacao2
385123,3.555,3.413,2.145,24.20,45.53,Recuperacao2
387154,2.124,2.410,1.633,24.20,45.54,Recuperacao2
389185,2.015,1.959,1.534,24.20,45.57,Recuperacao2
391216,2.660,2.999,2.011,24.20,45.53,Recuperacao2
393247,2.348,2.545,1.809,24.20,45.53,Recuperacao2
395278,2.177,2.260,1.739,24.20,45.54,Recuperacao2
397309,2.121,2.308,1.663,24.20,45.54,Recuperacao2
399340,1.946,2.165,1.523,24.20,45.53,Recuperacao2
401371,2.177,2.107,1.537,24.20,45.54,Recuperacao2
403402,1.987,2.467,1.642,24.20,45.53,Recuperacao2
405433,2.258,2.212,1.627,24.20,45.53,Recuperacao2
407464,2.640,2.444,1.850,24.20,45.52,Recuperacao2
409495,2.904,3.046,2.116,24.20,45.52,Recuperacao2
411526,1.972,2.105,1.559,24.20,45.52,Recuperacao2
413557,2.061,2.212,1.622,24.20,45.52,Recuperacao2
415588,2.227,2.313,1.628,24.20,45.52,Recuperacao2
417619,2.351,2.194,1.840,24.19,45.54,Recuperacao2
419650,2.387,2.653,2.051,24.20,45.52,Recuperacao2
421681,2.509,2.447,1.972,24.19,45.54,Recuperacao2
423712,2.878,2.743,1.963,24.20,45.57,Recuperacao2
425743,2.564,2.634,1.933,24.19,45.55,Recuperacao2
427774,2.227,2.235,1.637,24.19,45.54,Recuperacao2
429805,2.250,2.242,1.669,24.19,45.55,Recuperacao2
431836,2.084,2.184,1.597,24.19,45.59,Recuperacao2
433867,2.242,2.155,1.600,24.19,45.56,Recuperacao2
435898,3.007,3.394,2.072,24.19,45.55,Recuperacao2
437929,2.150,2.747,1.921,24.19,45.57,Recuperacao2
439960,2.138,2.194,1.683,24.18,45.56,Recuperacao2
441991,2.570,2.621,1.998,24.18,45.58,Recuperacao2
444022,2.136,2.084,1.685,24.18,45.58,Recuperacao2
446053,2.119,2.343,1.710,24.17,45.58,Recuperacao2
448084,2.849,3.107,1.989,24.17,45.60,Recuperacao2
450115,2.396,2.376,1.680,24.17,45.62,Recuperacao2
452146,2.497,2.292,1.730,24.16,45.63,Recuperacao2
454177,3.095,3.940,2.219,24.15,45.62,Recuperacao2
456208,2.327,2.170,1.774,24.16,45.64,Recuperacao2
458239,2.987,2.061,1.790,24.16,45.65,Recuperacao2
460270,2.258,2.849,1.820,24.16,45.66,Recuperacao2
462301,2.102,2.351,1.625,24.16,45.64,Recuperacao2
464332,3.204,3.729,2.247,24.15,45.64,Recuperacao2
466363,2.302,2.586,1.748,24.15,45.66,Recuperacao2
468394,1.983,2.160,1.676,24.16,45.68,Recuperacao2
470425,2.182,2.047,1.649,24.16,45.66,Recuperacao2
472456,2.343,2.070,1.735,24.16,45.66,Recuperacao2
474487,2.530,2.197,1.750,24.15,45.70,Recuperacao2
476518,2.329,1.978,1.598,24.15,45.66,Recuperacao2
478549,2.079,2.148,1.588,24.15,45.69,Recuperacao2
480580,2.197,2.370,1.657,24.15,45.67,Recuperacao2
482611,2.340,2.258,1.622,24.15,45.67,Recuperacao2
484642,2.359,2.194,1.673,24.15,45.67,Recuperacao2
486673,2.273,2.271,1.671,24.15,45.68,Recuperacao2
488704,2.229,2.351,1.771,24.15,45.67,Recuperacao2
490735,2.136,2.346,1.756,24.15,45.69,Recuperacao2
492766,2.258,2.401,1.683,24.15,45.70,Recuperacao2
494797,2.165,2.567,1.904,24.15,45.72,Recuperacao2
496828,2.767,2.964,2.042,24.15,45.69,Recuperacao2
498859,2.281,2.162,1.590,24.15,45.70,Recuperacao2
500890,2.260,2.276,1.801,24.15,45.68,Recuperacao2
502921,2.359,2.441,1.782,24.15,45.71,Recuperacao2
504952,2.960,3.087,2.100,24.14,45.68,Recuperacao2
506983,2.545,2.491,1.776,24.15,45.70,Recuperacao2
509014,2.061,2.143,1.685,24.15,45.69,Recuperacao2
511045,2.247,2.390,1.732,24.15,45.69,Recuperacao2
513076,2.373,2.354,1.788,24.14,45.68,Recuperacao2
515107,2.771,2.666,2.027,24.14,45.67,Recuperacao2
517138,2.760,2.637,1.991,24.15,45.68,Recuperacao2
519169,2.757,2.845,1.989,24.14,45.68,Recuperacao2
521200,2.699,2.957,1.952,24.14,45.68,Recuperacao2
523231,2.354,2.376,1.974,24.14,45.66,Recuperacao2
525262,2.294,2.318,1.699,24.14,45.68,Recuperacao2
527293,2.194,2.222,1.553,24.14,45.68,Recuperacao2
529324,3.451,3.858,2.214,24.14,45.68,Recuperacao2
531355,2.561,2.968,1.809,24.14,45.68,Recuperacao2
533386,2.515,2.450,1.758,24.13,45.69,Recuperacao2
535417,2.292,2.318,1.746,24.14,45.68,Recuperacao2
537448,2.212,2.427,1.752,24.14,45.67,Recuperacao2
539479,2.268,2.407,1.620,24.14,45.67,Recuperacao2
541510,2.086,2.398,1.590,24.13,45.67,Recuperacao2
543541,1.980,2.063,1.605,24.13,45.67,Recuperacao2
545572,2.042,2.116,1.558,24.13,45.67,Recuperacao2
547603,1.950,2.011,1.526,24.13,45.67,Recuperacao2
549634,2.009,2.007,1.508,24.13,45.66,Recuperacao2
551665,2.852,2.453,1.830,24.14,45.67,Recuperacao2
553696,2.867,2.693,2.033,24.13,45.68,Recuperacao2
555727,2.047,2.276,1.846,24.13,45.66,Recuperacao2
557758,2.056,1.952,1.518,24.13,45.66,Recuperacao2
559789,2.095,2.362,1.884,24.12,45.66,Recuperacao2
561820,3.970,2.382,1.898,24.12,45.67,Recuperacao2
563851,2.214,2.204,1.689,24.13,45.66,Recuperacao2
565882,2.247,2.530,1.965,24.13,45.66,Recuperacao2
567913,3.071,3.664,2.247,24.12,45.67,Recuperacao2
569944,2.167,1.882,1.556,24.13,45.67,Recuperacao2
571975,2.335,2.310,1.754,24.13,45.66,Recuperacao2
574006,2.512,2.696,1.996,24.12,45.66,Recuperacao2
576037,2.521,2.131,1.682,24.12,45.67,Recuperacao2
578068,2.276,2.327,1.809,24.12,45.66,Recuperacao2
580099,2.703,2.911,2.054,24.11,45.70,Recuperacao2
582130,2.177,2.038,1.494,24.12,45.66,Recuperacao2
584161,2.273,2.390,1.927,24.12,45.67,Recuperacao2
586192,2.177,2.268,1.633,24.12,45.68,Recuperacao2
588223,2.410,2.054,1.635,24.12,45.67,Recuperacao2
590254,3.718,4.031,2.421,24.11,45.67,Recuperacao2
592285,3.031,4.250,2.245,24.11,45.68,Recuperacao2
594316,3.970,3.120,2.160,24.12,45.68,Recuperacao2
596347,2.040,1.993,1.540,24.12,45.67,Recuperacao2
598378,2.250,2.346,1.758,24.12,45.66,Recuperacao2
600409,2.332,2.527,1.886,24.12,45.66,Recuperacao2
602440,2.611,2.666,2.138,24.11,45.66,Recuperacao2
604471,3.638,3.745,2.268,24.11,45.66,Recuperacao2
606502,2.343,2.329,1.671,24.12,45.65,Recuperacao2
608533,2.029,2.011,1.547,24.12,45.66,Recuperacao2
610564,2.119,2.376,1.522,24.12,45.66,Recuperacao2
612595,2.093,2.000,1.500,24.11,45.67,Recuperacao2
614626,4.346,3.187,2.192,24.11,45.68,Recuperacao2
616657,2.398,2.491,1.801,24.11,45.67,Recuperacao2
618688,2.806,2.760,2.077,24.11,45.66,Recuperacao2
620719,2.536,2.524,1.948,24.10,45.66,Recuperacao2
622750,2.491,2.396,1.776,24.10,45.69,Recuperacao2
624781,2.335,2.273,1.689,24.11,45.70,Recuperacao2
626812,2.464,2.209,1.632,24.10,45.67,Recuperacao2
628843,2.242,2.194,1.828,24.10,45.68,Recuperacao2
630874,2.867,3.525,2.112,24.10,45.69,Recuperacao2
632905,2.365,2.373,1.773,24.10,45.68,Recuperacao2
634936,2.919,2.482,1.780,24.10,45.69,Recuperacao2
636967,2.686,3.003,2.061,24.10,45.69,Recuperacao2
638998,2.650,2.889,1.974,24.10,45.68,Recuperacao2
641029,2.663,3.063,1.931,24.10,45.69,Recuperacao2
643060,2.915,3.187,2.058,24.10,45.67,Recuperacao2
645091,3.235,3.976,2.209,24.10,45.68,Recuperacao2
647122,3.928,4.270,2.235,24.10,45.70,Recuperacao2
649153,3.136,3.840,2.240,24.10,45.68,Recuperacao2
651184,3.333,4.367,2.284,24.10,45.70,Recuperacao2
653215,2.845,2.831,2.268,24.10,45.69,Recuperacao2
655246,2.521,2.949,2.022,24.10,45.70,Recuperacao2
657277,2.102,2.217,1.848,24.10,45.69,Recuperacao2
659308,2.586,2.235,1.725,24.10,45.68,Recuperacao2
661339,2.070,1.965,1.593,24.10,45.68,Recuperacao2
663370,2.598,3.034,2.058,24.10,45.70,Recuperacao2
665401,2.219,2.140,1.767,24.10,45.67,Recuperacao2
667432,2.893,2.598,1.691,24.10,45.66,Recuperacao2
669463,2.086,2.365,1.732,24.09,45.69,Recuperacao2
671494,3.320,2.453,1.814,24.09,45.68,Recuperacao2
673525,2.279,2.343,1.902,24.09,45.69,Recuperacao2
675556,1.923,2.140,1.474,24.09,45.71,Recuperacao2
677587,2.860,2.683,2.000,24.09,45.69,Recuperacao2
679618,2.086,2.614,1.892,24.09,45.72,Recuperacao2
681649,2.182,2.160,1.807,24.09,45.71,Recuperacao2
683680,2.473,2.634,1.944,24.09,45.74,Recuperacao2
685711,3.617,3.685,2.284,24.09,45.73,Recuperacao2
687742,2.174,2.253,1.728,24.08,45.72,Recuperacao2
689773,2.806,3.111,2.116,24.09,45.71,Recuperacao2
691804,2.177,2.393,1.598,24.09,45.73,Recuperacao2
693835,3.611,2.968,2.054,24.09,45.71,Recuperacao2
695866,2.217,2.337,1.788,24.09,45.71,Recuperacao2
697897,2.253,1.900,1.515,24.09,45.72,Recuperacao2
699928,2.237,2.279,1.931,24.08,45.73,Recuperacao2
701959,2.640,2.806,2.040,24.08,45.74,Recuperacao2
703990,2.091,2.029,1.639,24.08,45.74,Recuperacao2
706021,2.271,2.263,1.799,24.07,45.72,Recuperacao2
708052,2.911,2.669,1.925,24.07,45.75,Recuperacao2
710083,3.675,3.427,2.232,24.06,45.75,Recuperacao2
712114,2.263,1.931,1.592,24.06,45.77,Recuperacao2
714145,2.031,2.194,1.588,24.06,45.78,Recuperacao2
716176,2.148,2.100,1.864,24.06,45.78,Recuperacao2
718207,2.809,2.723,2.105,24.06,45.80,Recuperacao2
720238,2.107,2.266,1.642,24.05,45.81,Recuperacao2
722269,2.450,2.750,1.935,24.05,45.82,Recuperacao2
724300,1.967,2.152,1.523,24.05,45.84,Recuperacao2
726331,2.764,2.617,2.056,24.05,45.82,Recuperacao2
728362,2.167,2.242,1.575,24.05,45.85,Recuperacao2
730393,2.362,2.605,1.917,24.05,45.83,Recuperacao2
732424,3.869,3.239,2.245,24.04,45.85,Recuperacao2
734455,2.105,2.126,1.588,24.04,45.84,Recuperacao2
736486,2.289,2.131,1.832,24.05,45.82,Recuperacao2
738517,2.292,2.444,1.854,24.04,45.85,Recuperacao2
740548,2.412,2.602,1.955,24.04,45.82,Recuperacao2
742579,2.167,2.527,1.834,24.04,45.82,Recuperacao2
744610,2.476,2.521,1.961,24.04,45.82,Recuperacao2
746641,2.318,2.401,1.886,24.04,45.81,Recuperacao2
748672,2.621,2.713,2.051,24.04,45.81,Recuperacao2
750703,2.536,2.521,1.935,24.03,45.82,Recuperacao2
752734,2.580,2.686,2.000,24.03,45.80,Recuperacao2
754765,2.683,2.911,2.007,24.03,45.82,Recuperacao2
756796,2.774,2.653,1.967,24.03,45.81,Recuperacao2
758827,2.750,2.683,2.007,24.02,45.84,Recuperacao2
760858,2.627,2.447,1.784,24.02,45.83,Recuperacao2
762889,2.098,2.401,1.822,24.01,45.85,Recuperacao2
764920,2.533,2.650,1.858,24.01,45.86,Recuperacao2
766951,4.230,3.691,2.373,24.01,45.87,Recuperacao2
768982,2.056,2.002,1.590,24.01,45.87,Recuperacao2
771013,2.209,2.098,1.774,24.01,45.88,Recuperacao2
773044,2.785,3.128,1.961,24.01,45.86,Recuperacao2
775075,1.970,1.942,1.482,24.01,45.88,Recuperacao2
777106,2.128,2.143,1.708,24.01,45.88,Recuperacao2
779137,2.398,2.558,2.018,24.01,45.88,Recuperacao2
781168,2.676,2.621,2.031,24.01,45.88,Recuperacao2
783199,4.112,3.011,2.209,24.00,45.88,Recuperacao2
785230,2.321,1.904,1.644,24.00,45.90,Recuperacao2
787261,2.155,2.204,1.577,24.00,45.88,Recuperacao2
789292,2.276,2.930,1.694,24.00,45.91,Recuperacao2
791323,2.407,2.564,1.767,24.00,45.91,Recuperacao2
793354,3.835,3.451,2.107,24.00,45.91,Recuperacao2
795385,2.018,2.074,1.575,23.99,45.90,Recuperacao2
797416,2.237,2.036,1.782,24.00,45.91,Recuperacao2
799447,2.733,3.050,1.938,24.00,45.90,Recuperacao2
801478,1.906,2.020,1.488,24.00,45.91,Recuperacao2
803509,2.308,2.379,1.769,24.00,45.91,Recuperacao2
805540,2.841,2.995,2.049,24.00,45.90,Recuperacao2
807571,2.308,1.795,1.613,24.00,45.91,Recuperacao2
809602,2.128,2.150,1.561,24.00,45.89,Recuperacao2
811633,2.018,2.081,1.615,24.00,45.90,Recuperacao2
813664,2.047,2.219,1.569,24.00,45.91,Recuperacao2
815695,2.049,2.232,1.457,24.00,45.91,Recuperacao2
817726,2.418,2.284,1.645,24.00,45.91,Recuperacao2
819757,3.581,3.958,2.219,24.00,45.90,Recuperacao2
821788,2.464,2.441,1.866,23.99,45.90,Recuperacao2
823819,2.273,2.327,1.602,23.99,45.90,Recuperacao2
825850,3.120,2.545,1.856,23.99,45.90,Recuperacao2
827881,2.348,2.324,1.719,23.99,45.92,Recuperacao2
829912,2.373,2.049,1.597,23.99,45.91,Recuperacao2
831943,2.586,2.621,1.927,23.99,45.90,Recuperacao2
833974,2.007,1.955,1.542,23.98,45.89,Recuperacao2
836005,2.627,2.795,2.024,23.98,45.91,Recuperacao2
838036,2.177,2.177,1.776,23.98,45.90,Recuperacao2
840067,3.384,2.740,2.038,23.98,45.91,Recuperacao2
842098,2.500,2.911,1.917,23.98,45.91,Recuperacao2
844129,2.222,2.271,1.743,23.97,45.92,Recuperacao2
846160,1.933,1.952,1.553,23.98,45.92,Recuperacao2
848191,2.676,2.150,1.640,23.97,45.92,Recuperacao2
850222,3.675,4.217,2.260,23.97,45.92,Recuperacao2
852253,2.733,3.015,1.931,23.97,45.91,Recuperacao2
854284,2.743,2.743,1.896,23.97,45.94,Recuperacao2
856315,2.054,2.209,1.676,23.97,45.91,Recuperacao2
858346,2.131,2.187,1.717,23.97,45.92,Recuperacao2
860377,2.004,2.150,1.659,23.97,45.91,Recuperacao2
862408,2.018,2.086,1.566,23.97,45.92,Recuperacao2
864439,2.027,1.952,1.529,23.97,45.92,Recuperacao2
866470,2.564,2.494,1.607,23.97,45.92,Recuperacao2
868501,3.329,4.031,2.227,23.97,45.92,Recuperacao2
870532,2.611,2.871,1.987,23.97,45.91,Recuperacao2
872563,2.131,2.199,1.754,23.97,45.91,Recuperacao2
874594,2.098,2.242,1.748,23.97,45.91,Recuperacao2
876625,2.219,2.197,1.628,23.97,45.90,Recuperacao2
878656,2.284,2.276,1.834,23.97,45.90,Recuperacao2
880687,2.549,2.421,1.952,23.97,45.90,Recuperacao2
882718,3.347,3.729,2.204,23.97,45.89,Recuperacao2
884749,2.370,2.187,1.669,23.97,45.91,Recuperacao2
886780,2.061,2.150,1.612,23.97,45.90,Recuperacao2
888811,2.357,1.996,1.754,23.97,45.88,Recuperacao2
890842,3.361,3.892,2.072,23.97,45.87,Recuperacao2
892873,2.199,2.182,1.661,23.98,45.87,Recuperacao2
894904,3.301,4.177,2.124,23.98,45.86,Recuperacao2
896935,2.240,2.067,1.890,23.98,45.86,Recuperacao2
898966,3.311,3.611,2.245,23.98,45.85,Recuperacao2
900997,2.217,2.143,1.726,23.98,45.85,Recuperacao2
903028,2.719,3.153,2.072,23.98,45.85,Recuperacao2
905059,2.058,2.024,1.449,23.98,45.84,Recuperacao2
907090,2.098,2.056,1.689,23.98,45.81,Recuperacao2
909121,2.177,2.318,1.933,23.98,45.81,Recuperacao2
911152,2.634,2.792,1.991,23.98,45.83,Recuperacao2
913183,2.418,3.019,1.933,23.98,45.80,Recuperacao2
915214,2.240,2.653,1.944,23.98,45.80,Recuperacao2
917245,2.182,2.354,1.595,23.97,45.78,Recuperacao2
919276,2.427,2.245,1.707,23.97,45.83,Recuperacao2
921307,2.074,2.404,1.602,23.97,45.81,Recuperacao2
923338,2.464,2.102,1.602,23.97,45.81,Recuperacao2
925369,2.915,2.809,2.040,23.97,45.80,Recuperacao2
927400,2.150,2.346,1.906,23.97,45.80,Recuperacao2
929431,3.575,4.018,2.258,23.96,45.81,Recuperacao2
931462,2.324,2.192,1.687,23.96,45.81,Recuperacao2
933493,2.074,2.555,1.882,23.96,45.83,Recuperacao2
935524,2.938,2.637,2.038,23.95,45.83,Recuperacao2
937555,3.166,4.081,2.150,23.95,45.85,Recuperacao2
939586,2.536,2.605,1.745,23.95,45.85,Recuperacao2
941617,2.207,2.070,1.668,23.95,45.86,Recuperacao2
943648,2.219,2.224,1.654,23.95,45.89,Recuperacao2
945679,2.093,2.040,1.862,23.95,45.91,Recuperacao2
947710,2.503,3.034,2.007,23.95,45.90,Recuperacao2
949741,2.365,2.245,1.743,23.95,45.91,Recuperacao2
951772,2.250,2.335,1.745,23.95,45.95,Recuperacao2
953803,2.683,3.038,2.119,23.95,45.92,Recuperacao2
955834,1.996,2.067,1.537,23.95,45.93,Recuperacao2
957865,2.235,2.229,1.593,23.95,45.92,Recuperacao2
959896,2.214,2.337,1.708,23.95,45.94,Recuperacao2
961927,2.219,2.258,1.836,23.95,45.97,Recuperacao2
963958,2.174,2.637,1.850,23.96,45.98,Recuperacao2
965989,2.086,2.415,1.919,23.96,45.98,Recuperacao2
968020,2.294,2.258,1.933,23.96,45.98,Recuperacao2
970051,2.162,2.470,1.864,23.95,46.05,Recuperacao2
972082,2.396,2.485,1.809,23.96,46.01,Recuperacao2
974113,2.128,2.148,1.761,23.95,46.02,Recuperacao2
976144,3.723,3.707,2.209,23.95,46.04,Recuperacao2
978175,2.152,2.279,1.805,23.95,46.06,Recuperacao2
980206,2.673,1.952,1.673,23.95,46.10,Recuperacao2
982237,3.226,4.257,2.194,23.95,46.15,Recuperacao2
984268,2.889,2.491,1.689,23.96,46.22,Recuperacao2
986299,2.247,2.373,1.725,23.95,46.29,Recuperacao2
988330,3.103,2.611,1.967,23.95,46.30,Recuperacao2
990361,2.634,2.799,2.145,23.95,46.34,Recuperacao2
992392,2.373,2.750,1.921,23.95,46.36,Recuperacao2
994423,2.686,2.757,1.919,23.95,46.37,Recuperacao2
996454,3.801,2.586,1.890,23.95,46.40,Recuperacao2
998485,2.329,2.393,1.784,23.95,46.41,Recuperacao2
1000516,3.611,3.540,2.152,23.95,46.46,Recuperacao2
1002547,2.415,2.567,1.987,23.94,46.47,Recuperacao2
1004578,2.150,2.260,1.661,23.94,46.47,Recuperacao2
1006609,2.058,2.086,1.529,23.94,46.52,Recuperacao2
1008640,2.730,2.509,1.587,23.94,46.55,Recuperacao2
1010671,3.627,3.675,2.224,23.95,46.60,Recuperacao2
1012702,2.589,2.660,1.935,23.94,46.67,Recuperacao2
1014733,2.131,2.370,1.750,23.94,46.74,Recuperacao2
1016764,2.491,3.196,1.948,23.94,46.81,Recuperacao2
1018795,2.820,2.785,1.959,23.95,46.91,Recuperacao2
1020826,2.709,2.589,1.998,23.94,46.97,Recuperacao2
1022857,2.316,2.184,1.603,23.94,47.01,Recuperacao2
1024888,3.095,3.751,2.150,23.94,47.08,Recuperacao2
1026919,2.124,2.140,1.654,23.94,47.13,Recuperacao2
1028950,2.806,2.740,1.955,23.94,47.17,Recuperacao2
1030981,1.925,2.013,1.526,23.94,47.23,Recuperacao2
1033012,2.696,2.922,2.114,23.94,47.28,Recuperacao2
1035043,2.138,1.915,1.574,23.94,47.31,Recuperacao2
1037074,2.024,1.972,1.657,23.94,47.34,Recuperacao2
